match_id,team_id,team,opponent_id,gegner,liga,saison,liga_saison,date_utc,gameweek,is_home,tore,gegentore,punkte,rote_karten,rote_karten_gegner,eff_min,ist_aufsteiger_saison,O1_vertikalitaet,z_O1_vertikalitaet,v_O1_vertikalitaet,g_O1_vertikalitaet,n_O1_vertikalitaet,conf_O1_vertikalitaet,exp_O1_vertikalitaet,adj_O1_vertikalitaet,score_O1_vertikalitaet,O2_boxzugang,z_O2_boxzugang,v_O2_boxzugang,g_O2_boxzugang,n_O2_boxzugang,conf_O2_boxzugang,exp_O2_boxzugang,adj_O2_boxzugang,score_O2_boxzugang,O3_fluegel_boxzuspiel,z_O3_fluegel_boxzuspiel,v_O3_fluegel_boxzuspiel,g_O3_fluegel_boxzuspiel,n_O3_fluegel_boxzuspiel,conf_O3_fluegel_boxzuspiel,exp_O3_fluegel_boxzuspiel,adj_O3_fluegel_boxzuspiel,score_O3_fluegel_boxzuspiel,OT1_konterrate,z_OT1_konterrate,v_OT1_konterrate,g_OT1_konterrate,n_OT1_konterrate,conf_OT1_konterrate,exp_OT1_konterrate,adj_OT1_konterrate,score_OT1_konterrate,OT2_tiefenertrag,z_OT2_tiefenertrag,v_OT2_tiefenertrag,g_OT2_tiefenertrag,n_OT2_tiefenertrag,conf_OT2_tiefenertrag,exp_OT2_tiefenertrag,adj_OT2_tiefenertrag,score_OT2_tiefenertrag,OT3_ballgewinnqualitaet,z_OT3_ballgewinnqualitaet,v_OT3_ballgewinnqualitaet,g_OT3_ballgewinnqualitaet,n_OT3_ballgewinnqualitaet,conf_OT3_ballgewinnqualitaet,exp_OT3_ballgewinnqualitaet,adj_OT3_ballgewinnqualitaet,score_OT3_ballgewinnqualitaet,D1_pressingdruck,z_D1_pressingdruck,v_D1_pressingdruck,g_D1_pressingdruck,n_D1_pressingdruck,conf_D1_pressingdruck,exp_D1_pressingdruck,adj_D1_pressingdruck,score_D1_pressingdruck,D2_ballgewinnhoehe,z_D2_ballgewinnhoehe,v_D2_ballgewinnhoehe,g_D2_ballgewinnhoehe,n_D2_ballgewinnhoehe,conf_D2_ballgewinnhoehe,exp_D2_ballgewinnhoehe,adj_D2_ballgewinnhoehe,score_D2_ballgewinnhoehe,D3_gegner_progression,z_D3_gegner_progression,v_D3_gegner_progression,g_D3_gegner_progression,n_D3_gegner_progression,conf_D3_gegner_progression,exp_D3_gegner_progression,adj_D3_gegner_progression,score_D3_gegner_progression,DT1_gegenpressing,z_DT1_gegenpressing,v_DT1_gegenpressing,g_DT1_gegenpressing,n_DT1_gegenpressing,conf_DT1_gegenpressing,exp_DT1_gegenpressing,adj_DT1_gegenpressing,score_DT1_gegenpressing,DT2_gefaehrl_verluste,z_DT2_gefaehrl_verluste,v_DT2_gefaehrl_verluste,g_DT2_gefaehrl_verluste,n_DT2_gefaehrl_verluste,conf_DT2_gefaehrl_verluste,exp_DT2_gefaehrl_verluste,adj_DT2_gefaehrl_verluste,score_DT2_gefaehrl_verluste,DT3_hohe_verluste,z_DT3_hohe_verluste,v_DT3_hohe_verluste,g_DT3_hohe_verluste,n_DT3_hohe_verluste,conf_DT3_hohe_verluste,exp_DT3_hohe_verluste,adj_DT3_hohe_verluste,score_DT3_hohe_verluste,P1_laufvolumen_hi,z_P1_laufvolumen_hi,v_P1_laufvolumen_hi,g_P1_laufvolumen_hi,n_P1_laufvolumen_hi,conf_P1_laufvolumen_hi,exp_P1_laufvolumen_hi,adj_P1_laufvolumen_hi,score_P1_laufvolumen_hi,P2_explosivitaet,z_P2_explosivitaet,v_P2_explosivitaet,g_P2_explosivitaet,n_P2_explosivitaet,conf_P2_explosivitaet,exp_P2_explosivitaet,adj_P2_explosivitaet,score_P2_explosivitaet,P3_endgeschwindigkeit,z_P3_endgeschwindigkeit,v_P3_endgeschwindigkeit,g_P3_endgeschwindigkeit,n_P3_endgeschwindigkeit,conf_P3_endgeschwindigkeit,exp_P3_endgeschwindigkeit,adj_P3_endgeschwindigkeit,score_P3_endgeschwindigkeit,phase_defensiv,phase_def_umschalten,phase_offensiv,phase_off_umschalten,phase_physisch,phase_roh_defensiv,phase_roh_def_umschalten,phase_roh_offensiv,phase_roh_off_umschalten,phase_roh_physisch,conf_defensiv,conf_def_umschalten,conf_offensiv,conf_off_umschalten,conf_physisch,guete_defensiv,guete_def_umschalten,guete_offensiv,guete_off_umschalten,guete_physisch,gesamtscore_spielstil,gesamtscore_roh,confidence_gesamt,guete_gesamt,phasen_ohne_daten,warnflags,S_fluegelanteil,S_flankenpraezision,S_cutback_proxy,S_aufbaukontrolle,S_through_tiefe,S_prog_pass_per_poss,S_prog_runs_per_poss,S_hohe_verluste_anteil,S_ballbesitz,S_sprintdichte,S_hi_count_dichte,S_laufdistanz,S_dezeleration,CC1_npxg,CC1d_npxg_gegen,npxg_diff,adj_npxg_diff,CC2_box_zugriffsrate,CC2d_box_zugriffsrate_gegen,CC3_abschlussqualitaet,CC3d_abschlussqualitaet_gegen,adj_CC1_npxg,adj_CC1d_npxg_gegen,adj_CC2_box_zugriffsrate,barometer_gesamt,barometer_offensiv,barometer_defensiv,barometer_roh,npg,verwertung_vfl,verwertung_gegner,torhueter_effekt,xpoints,p_sieg,p_remis,p_niederlage,delta_punkte,klassifikation,ergebnis_perzentil,top_ergebnisse,schussvektor
5717436,2448,Bochum,2520,Darmstadt 98,2BL,2025/26,2BL 2025/26,2025-08-02 11:00:00+00:00,1,False,1,4,0,0,0,42.9,0,0.307277628032345,-0.2290789455164948,-0.2290789455164948,-0.3941928267800275,371,0.9840848806366048,0.3168731694074053,-0.2290789455164948,77.36014034076472,0.1964285714285714,-0.8433274575152596,-0.8433274575152596,-0.8433274575152596,11,0.6470588235294118,0.2590505843630356,-0.8433274575152596,23.453455056591213,0.0363636363636363,-0.4288431371726396,-0.4288431371726396,-0.4288431371726396,4,0.4,0.0481684062655324,-0.4288431371726396,38.336299428292065,0.0384644573456076,2.41464735847187,2.41464735847187,-2.5698225512551405,3,0.3333333333333333,0.0096358403135722,2.41464735847187,0.0,0.0434782608695652,-0.9857678852807712,-0.9857678852807712,-0.9857678852807712,3,0.3333333333333333,0.0932287625668093,-0.9857678852807712,14.87343786361106,0.0289855072463768,-0.6135349775732422,-0.6135349775732422,-0.6135349775732422,2.000000000000001,0.2500000000000001,0.0482087975120645,-0.6135349775732419,29.793599415436713,8.5,-0.7006044654231273,0.7006044654231273,-0.2348353711877607,69,0.92,11.561803278688524,-0.7006044654231273,81.00787760844636,0.0932400932400932,-1.4822940330814516,-1.4822940330814516,-1.4822940330814516,4,0.4,0.2536044129776496,-1.4822940330814516,0.0,0.5588235294117647,0.5565003361208583,-0.5565003361208583,-0.5565003361208583,57,0.9047619047619048,0.489537756639382,0.5565003361208583,32.5072413361229,0.3333333333333333,-0.1195511173841959,-0.1195511173841959,-0.1195511173841959,37.00000000000001,0.8604651162790697,0.3409409858588321,-0.1195511173841959,47.29641981449545,0.054054054054054,0.0052848054269595,-0.0052848054269595,-0.0052848054269595,111,0.9487179487179487,0.053896569276966,0.0052848054269595,46.52159396769429,0.3153153153153153,-1.3361317671769763,-1.3361317671769763,-1.3361317671769763,111,0.9487179487179487,0.4438310907066292,-1.3361317671769763,8.397834222531916,162.18724053613053,0.1279948003824664,0.1279948003824664,-0.795739897646508,990.0,0.9939759036144579,158.55160689801153,0.1279948003824664,63.22535154587591,4.662004662004662,-0.18368668826947,-0.18368668826947,-0.4195348373391248,990.0,0.9939759036144579,4.851545293633029,-0.18368668826947,76.79457999514734,32.76647379999999,-0.3025038577226061,-0.3025038577226061,-0.3025038577226061,990.0,0.9939759036144579,32.97851462661597,-0.3025038577226061,40.35816734380221,29.924477193730887,27.676400216319703,41.836667909346204,0.0,64.15499017633205,38.1049295637931,35.39439638286604,46.78564821756218,15.633463047666721,62.25778545260249,0.7334285714285713,0.9134168157423971,0.6909002964581058,0.30416666666666675,0.9939759036144579,0.9099999999999999,0.7,0.64,0.4000000000000001,0.925,21.119370596989008,31.006981450015708,0.7141502841727455,0.7142499999999999,0,,0.7647058823529411,0.4,0.3,0.7848101265822784,0.0178571428571428,0.4636363636363636,0.1272727272727272,0.3153153153153153,57,3.51981351981352,11.655011655011656,2207.8109881585087,6.130536130536131,1.946,2.515,-0.5690000000000002,-0.7079544476422537,0.1,0.2058823529411764,0.195,0.148,0.6065924796220368,1.3145469272642905,-0.8292102063151475,20.915032679738562,70.26143790849673,8.49673202614379,15.196078431372548,1.0,-0.946,1.4849999999999999,-1.5299999999999994,1.0388,0.276,0.2108,0.5132,-1.0388,Ergebnis deutlich schlechter als die Leistung,0.0959,2:2 9.0% | 1:2 8.0% | 2:3 8.0% | 1:3 7.1% | 2:1 5.8%,0.390;0.255;0.255;0.220;0.220;0.220;0.220;0.120;0.020;0.020
5717450,2448,Bochum,2488,Elversberg,2BL,2025/26,2BL 2025/26,2025-08-10 11:30:00+00:00,2,True,2,0,3,0,1,44.11666666666667,0,0.3029411764705882,-0.3326051262937988,-0.3326051262937988,-0.4977190075573314,340,0.9826589595375722,0.3235445333886867,-0.4918737872534364,68.1249770243237,0.3387096774193548,1.0727649474548446,1.0727649474548446,1.0727649474548446,21,0.7777777777777778,0.2248064483621451,1.5339289821954798,87.85006077681012,0.0851063829787234,1.341881116374004,1.341881116374004,1.341881116374004,8,0.5714285714285714,0.0464560445040989,1.4040877155580915,100.0,0.0232485829120244,1.1401855635455458,1.1401855635455458,-1.2953607563288163,2,0.25,0.0079117475302844,1.2845933261621256,27.588079344888264,0.1139240506329113,0.4100611985050141,0.4100611985050141,0.4100611985050141,9,0.6,0.0776147259126328,0.7194413126383484,69.46953820374162,0.050632911392405,0.0773685791898163,0.0773685791898163,0.0773685791898163,4.0,0.4,0.0366414303377049,0.4465553449210598,55.64120048804768,4.4,-1.63876999951492,1.63876999951492,-1.1730009052795534,79,0.9294117647058824,10.155555555555557,-1.3169911833592107,31.54385600787632,0.3400075557234605,0.7986493700169758,0.7986493700169758,0.7986493700169758,15,0.7142857142857143,0.2458867969280774,0.8699855390514359,72.97722618968909,0.3222222222222222,-1.3438711501029057,1.3438711501029057,1.3438711501029057,29,0.8285714285714286,0.5093833031299605,-1.5032697228631589,100.0,0.4239130434782608,1.3038716170095126,1.3038716170095126,1.3038716170095126,39.0,0.8666666666666667,0.3398914604744971,1.320364474957451,93.50936520895297,0.0108695652173913,-1.4438814262840336,1.4438814262840336,1.4438814262840336,92,0.9387755102040817,0.0438979927829724,-1.1083535594363092,100.0,0.5869565217391305,1.48802304239412,1.48802304239412,1.48802304239412,92,0.9387755102040817,0.4595076084948761,1.325039989521318,98.04718305857855,165.362225054779,0.2397721547949108,0.2397721547949108,-0.6839625432340636,1030.0,0.9942084942084942,145.00361425092336,0.7167378744058513,69.36291767877972,5.689459765772573,0.8120355678784144,0.8120355678784144,-0.5761874188087596,1030.0,0.9942084942084942,4.499245259287554,1.1534548510694906,63.937342514054535,33.1756654,0.2812612573411435,0.2812612573411435,0.2812612573411435,1030.0,0.9942084942084942,32.743442557142856,0.6166221828446066,58.450958555498175,70.10191478023935,100.0,100.0,51.60967061547879,68.44878113607334,66.5823787691479,96.81790100115475,84.59126323039683,52.06518234559274,64.73597659030551,0.8238655462184873,0.9099319727891158,0.7875814294889438,0.425,0.9942084942084942,0.9099999999999999,0.7,0.64,0.4000000000000001,0.925,91.82100703427537,78.1147299885666,0.7796003411415079,0.7142499999999999,0,UEBERZAHL,0.723404255319149,0.5,0.1875,0.7575757575757576,0.032258064516129,0.4893617021276595,0.2127659574468085,0.5869565217391305,52,3.6720816018133737,12.12693615413676,2169.016025621458,6.641480921798262,2.602,0.1829,2.4191,3.0098639794224518,0.2234042553191489,0.0777777777777777,0.2,0.061,1.5684557289597352,-1.4414082504627166,1.9336197345313015,98.69281045751634,90.52287581699346,97.87581699346404,96.56862745098039,2.0,-0.6019999999999999,-0.1829,0.0,2.8938,0.9494,0.0457,0.005,0.1062,Ergebnis entspricht klar der Leistung,0.3972,2:0 25.9% | 3:0 23.3% | 1:0 13.6% | 4:0 12.4% | 2:1 5.3%,0.880;0.360;0.220;0.210;0.200;0.137;0.137;0.137;0.100;0.100;0.055;0.055;0.010
5717461,2448,Bochum,2449,Schalke 04,2BL,2025/26,2BL 2025/26,2025-08-23 18:30:00+00:00,3,False,1,2,0,0,0,39.233333333333334,0,0.2943925233644859,-0.536691207796408,-0.536691207796408,-0.7018050890599405,214,0.9727272727272728,0.3017513286795463,-0.1756802764893107,49.96333296629636,0.26,0.0127857320090352,0.0127857320090352,0.0127857320090352,13,0.6842105263157895,0.2180733676707833,0.5646238213610031,50.98378311105437,0.029126213592233,-0.6917638981977862,-0.6917638981977862,-0.6917638981977862,3,0.3333333333333333,0.0467103290811432,-0.6387949374141547,27.73037925785453,0.0113838882142267,0.1464142120000783,0.1464142120000783,-0.3015894047833489,1,0.14285714285714285,0.0123654297437463,-0.0822126381869547,81.66215294577904,0.0697674418604651,-0.464868005539491,-0.464868005539491,-0.464868005539491,6,0.5,0.0636601936311974,0.1210104213317585,37.23733446936755,0.0348837209302325,-0.4252862256566234,-0.4252862256566234,-0.4252862256566234,3.0,0.3333333333333333,0.0366802567150619,-0.057338651563843,37.44972239886842,10.6,-0.2200806552785504,0.2200806552785504,-0.245688438956816,86,0.9347826086956522,8.790839365392209,0.4139736958596743,79.7247057274987,0.356839422259983,0.9542312062604876,0.9542312062604876,0.9542312062604876,14,0.7,0.2197885202532314,1.266801334645403,76.97347185504181,0.3673469387755102,-0.981431374598621,0.981431374598621,0.981431374598621,36,0.8571428571428571,0.4679096055231512,-0.8077149984329685,86.2623942356565,0.3846153846153846,0.6863251383956268,0.6863251383956268,0.6863251383956268,45.0,0.8823529411764706,0.3540677444104759,0.4800435492691994,73.47086567576179,0.0598290598290598,0.1990799291513214,-0.1990799291513214,-0.1990799291513214,117,0.9512195121951219,0.0465611520834488,0.4452386583321657,41.564436252332285,0.3931623931623931,-0.5267840168586154,-0.5267840168586154,-0.5267840168586154,117,0.9512195121951219,0.4547873207919082,-0.6406919555600517,34.263853727752775,211.62480239592185,1.8684756880314384,1.8684756880314384,-0.944740990002464,942.0,0.9936708860759493,142.1112379771546,2.4472693585971825,55.04387272114737,5.709430756159727,0.8313897562345577,0.8313897562345577,-0.5955416071649029,942.0,0.9936708860759493,4.738054831672029,0.9413750766837506,62.34885036400994,33.9912342,1.4447763792898758,1.4447763792898758,1.4447763792898758,942.0,0.9936708860759493,32.811860087499994,1.6825307862790009,96.70183375928319,94.50237541387887,51.362677136374245,36.96139553322068,49.246924267941736,74.13030116721126,80.72308042458613,52.13683326433023,43.65060440442911,50.63911578761631,68.01510515568323,0.8293167701863353,0.9236728837876613,0.6799282296650717,0.33452380952380956,0.9936708860759493,0.9099999999999999,0.7,0.64,0.4000000000000001,0.925,67.09307678170333,62.259338416058746,0.7440048100532848,0.7142499999999999,0,KLEINE_NENNER,0.7142857142857143,0.3,0.1,0.8375,0.06,0.4174757281553398,0.0388349514563106,0.3931623931623931,44,4.43500424808836,13.89124893797791,2482.0676368903996,7.595581988105352,1.667,2.588,-0.921,-0.6618503075421975,0.1262135922330097,0.0918367346938775,0.173,0.173,0.6937037925294955,1.355554100071693,0.233315704583,22.22222222222222,71.73202614379085,8.333333333333332,8.169934640522875,0.0,-1.667,-0.5880000000000001,1.37,1.2979,0.3602,0.2174,0.4224,-1.2979,Ergebnis deutlich schlechter als die Leistung,0.3249,2:2 9.0% | 2:3 8.4% | 3:2 7.4% | 3:3 6.9% | 1:2 5.5%,0.760;0.350;0.225;0.225;0.140;0.123;0.123;0.123;0.090;0.090;0.090;0.040;0.040;0.010
5717462,2448,Bochum,2498,Preußen Münster,2BL,2025/26,2BL 2025/26,2025-08-30 11:00:00+00:00,4,True,1,2,0,0,0,51.083333333333336,0,0.2910662824207493,-0.6161001476510584,-0.6161001476510584,-0.781214028914591,347,0.9830028328611898,0.296297777694792,-0.1248939871143752,46.74631223000361,0.2786885245901639,0.2644631404600891,0.2644631404600891,0.2644631404600891,17,0.7391304347826086,0.2646597541720162,0.1889247364370588,59.737170995412114,0.1075268817204301,2.1563719617927095,2.1563719617927095,2.1563719617927095,10,0.625,0.053742487311806,1.9538770023310672,100.0,0.0225066068616406,1.078038617401104,1.078038617401104,-1.2332138101843746,2,0.25,0.0102179237662722,1.0292840666742913,29.52968601023573,0.073170731707317,-0.397434437618013,-0.397434437618013,-0.397434437618013,6,0.5,0.0963210190025851,-0.4587051179820134,40.13247305435287,0.097560975609756,1.5751355290308602,1.5751355290308602,1.5751355290308602,7.999999999999998,0.5714285714285714,0.0485211926938835,1.5651650521654377,99.17840616914307,12.8,0.2833252410633873,-0.2833252410633873,-0.7490943352987538,82,0.9318181818181818,9.719291310294851,0.7049304178679163,43.1190449648093,0.430668841761827,1.63665799653746,1.63665799653746,1.63665799653746,22,0.7857142857142857,0.3003693448822919,1.2043961340910252,94.50215751919912,0.3956043956043956,-0.7544687011092744,0.7544687011092744,0.7544687011092744,36,0.8571428571428571,0.4378403857896344,-0.3392376500107611,76.85032350954941,0.5176470588235295,2.776862954859757,2.776862954859757,2.776862954859757,44.0,0.88,0.3524747374340323,2.595614812436676,100.0,0.0352941176470588,-0.6242529541350466,0.6242529541350466,0.6242529541350466,85,0.9340659340659341,0.0511366824546349,-0.5316378764993284,71.28851596510725,0.6235294117647059,1.8682580760454364,1.8682580760454364,1.8682580760454364,85,0.9340659340659341,0.4790193025604515,1.5024190376481072,100.0,146.9239813507341,-0.4093579713977568,-0.4093579713977568,-1.333092669426731,1021.0,0.994157740993184,160.60904459684258,-0.4817913774483975,39.663482449214506,4.189233278955953,-0.6418565746665233,-0.6418565746665233,-0.8777047237361781,1021.0,0.994157740993184,4.938559466098696,-0.7261833231605646,44.27021997145314,32.8847574,-0.1337568957513525,-0.1337568957513525,-0.1337568957513525,1021.0,0.994157740993184,33.101453165088294,-0.3091447337643159,45.33830433976648,78.10869800070056,100.0,79.73654734094347,60.87898919070638,34.510000099126884,71.22251792226777,91.38655478953217,67.2692191288955,57.6177135312943,42.69454605463602,0.8582792207792207,0.9124395604395604,0.7902466436753295,0.45,0.994157740993184,0.9099999999999999,0.7,0.64,0.4000000000000001,0.925,83.57396924529513,72.82678182137414,0.7942307071667607,0.7142499999999999,0,,0.6808510638297872,0.5,0.25,0.7794117647058824,0.0163934426229508,0.7204301075268817,0.1075268817204301,0.6235294117647059,47,2.955954323001631,10.903752039151712,2029.3338101794452,5.598694942903752,2.007,0.7788,1.2282000000000002,0.7436687684073358,0.1827956989247312,0.1098901098901098,0.118,0.156,0.2914593419396308,-0.4522094264677049,0.4073994602582789,66.01307189542483,56.5359477124183,60.130718954248366,78.10457516339869,1.0,-1.0070000000000001,1.2212,-1.1400000000000001,2.2663,0.6882,0.2016,0.1102,-2.2663,Ergebnis deutlich schlechter als die Leistung,0.0668,2:0 13.1% | 2:1 12.9% | 1:0 11.2% | 1:1 11.0% | 3:0 8.6%,0.367;0.367;0.367;0.190;0.120;0.110;0.110;0.110;0.046;0.046;0.046;0.046;0.046;0.020;0.010;0.005;0.005
5717477,2448,Bochum,2491,Paderborn,2BL,2025/26,2BL 2025/26,2025-09-12 16:30:00+00:00,5,False,0,1,0,0,0,52.53333333333333,0,0.2754237288135593,-0.9895423064055228,-0.9895423064055228,-1.154656187669055,236,0.9752066115702479,0.3006178295478756,-0.6014708085626089,31.617396383525563,0.2745098039215686,0.2081885221273799,0.2081885221273799,0.2081885221273799,14,0.7,0.2380493651535399,0.4910108711821708,57.779929122404695,0.017094017094017,-1.1288689782844183,-1.1288689782844183,-1.1288689782844183,2,0.25,0.0473950802602744,-1.1007756267910704,10.098064611358678,0.0273300091666159,1.4820405028059227,1.4820405028059227,-1.6372156955891932,3,0.3333333333333333,0.0136828502366184,1.1430682305830226,16.90778256719591,0.0686274509803921,-0.4874560470818174,-0.4874560470818174,-0.4874560470818174,7,0.5384615384615384,0.0906877665414735,-0.4371081673027305,36.26755765576947,0.0686274509803921,0.6516864659806453,0.6516864659806453,0.6516864659806453,7.0,0.5384615384615384,0.0397502057108418,0.921652837987603,72.33551729494347,20.6,2.06812796445753,-2.06812796445753,-2.5338970586928964,102,0.9444444444444444,10.78728800418223,2.245353217181786,0.0,0.266497461928934,0.1191742000963328,0.1191742000963328,0.1191742000963328,14,0.7,0.2419485344619117,0.2269128741509851,55.52435528861432,0.5172413793103449,0.222514301439696,-0.222514301439696,-0.222514301439696,60,0.9090909090909091,0.4917583722336023,0.2046784128419234,41.31256785025848,0.3571428571428571,0.2546057156564357,0.2546057156564357,0.2546057156564357,45.0,0.8823529411764706,0.348342566923413,0.1382929261705177,59.46218819055213,0.1349206349206349,2.7189702379215155,-2.7189702379215155,-2.7189702379215155,126,0.9545454545454546,0.0531766222360531,2.743129906552938,0.0,0.3888888888888889,-0.5712140862381093,-0.5712140862381093,-0.5712140862381093,126,0.9545454545454546,0.4416169199952417,-0.5481941587900611,32.84390903681337,,,,,1001.0,,157.84238155293093,,,,,,,1001.0,,4.844683697217925,,,,,,,1001.0,,33.01829110109154,,,22.43530437753213,25.197490235129603,22.44911599524997,36.92653478799964,,31.82729470609256,33.63804798726487,34.31848331048319,43.083411002908306,,0.8482828282828282,0.9256684491978611,0.6613223140495866,0.47692307692307695,,0.9099999999999999,0.7,0.64,0.4000000000000001,0.925,14.702333838750953,26.498181527128086,0.7351217354174259,0.6770588235294116,1,PHYSIK_FEHLT,0.6923076923076923,0.2,0.1,0.8764044943820225,0.0196078431372549,0.2478632478632478,0.1367521367521367,0.3888888888888889,37,,,,,1.538,2.939,-1.401,-1.3410107577965071,0.1196581196581196,0.2155172413793103,0.103,0.163,0.2708731255624735,1.6118838833589806,-0.3350639217125181,10.784313725490197,55.55555555555556,5.228758169934641,3.2679738562091507,0.0,-1.538,-1.939,0.9199999999999999,0.5985,0.1452,0.1628,0.6919,-0.5985,Ergebnis leicht schlechter als die Leistung,0.5848,1:3 9.4% | 1:2 8.5% | 2:3 7.6% | 2:2 6.8% | 1:4 6.7%,0.300;0.250;0.095;0.095;0.090;0.080;0.080;0.080;0.080;0.077;0.077;0.077;0.060;0.045;0.045
5717487,2448,Bochum,2458,Nürnberg,2BL,2025/26,2BL 2025/26,2025-09-20 18:30:00+00:00,6,False,1,2,0,0,0,44.46666666666667,0,0.3165137614678899,-0.0085803175220987,-0.0085803175220987,-0.1736941987856313,218,0.9732142857142857,0.297266748353365,0.4594931433547994,97.02995550529604,0.26,0.0127857320090352,0.0127857320090352,0.0127857320090352,13,0.6842105263157895,0.2542336113810447,0.0776556617264557,50.98378311105437,0.0309278350515463,-0.6263146768211493,-0.6263146768211493,-0.6263146768211493,3,0.3333333333333333,0.0475621962714467,-0.6042923080829498,30.37052534001011,0.0128232304022324,0.2669716361853241,0.2669716361853241,-0.4221468289685947,1,0.14285714285714285,0.014576546132465,-0.146855438534182,67.8525969108139,0.04,-1.054686946292694,-1.054686946292694,-1.054686946292694,3,0.3333333333333333,0.0625750112449394,-0.4473064659837656,11.914522312695606,0.04,-0.2619938797083762,-0.2619938797083762,-0.2619938797083762,3.0000000000000004,0.33333333333333337,0.0400764918436629,-0.0024413313713544,44.09086222106816,15.3,0.8553773959974074,-0.8553773959974074,-1.321146490232774,75,0.9259259259259259,10.53599372935351,1.0901040212970037,27.49859400817066,0.2473763118440779,-0.057568149591066,-0.057568149591066,-0.057568149591066,11,0.6470588235294118,0.2323167098276738,0.1392002800001233,50.98458467093738,0.4090909090909091,-0.646145606943904,0.646145606943904,0.646145606943904,45,0.8823529411764706,0.4763185613114248,-0.5399696006890127,72.35819884481646,0.3364485981308411,-0.0705960177340197,-0.0705960177340197,-0.0705960177340197,36.0,0.8571428571428571,0.3511519116593058,-0.2310564994505821,48.899717765965164,0.0747663551401869,0.7003391669265947,-0.7003391669265947,-0.7003391669265947,107,0.9469026548672567,0.0571526658297354,0.5910724996907891,28.74253934295302,0.5046728971962616,0.6325501299409078,0.6325501299409078,0.6325501299409078,107,0.9469026548672567,0.4285128887983219,0.7918079029528252,71.04873224581543,,,,,1020.0,,161.1516170554724,,,,,,,1020.0,,5.205473074702701,,,,,,,1020.0,,33.118416343090345,,,43.132866479646076,47.581192880439964,67.3352037474333,31.82966748348186,,49.17657219113275,49.497268583016606,60.915966117725674,39.95766366006149,,0.8152505446623093,0.9109987357774968,0.6800986842105262,0.27619047619047626,,0.9099999999999999,0.7,0.64,0.4000000000000001,0.925,44.186491018252546,47.214622873155925,0.6791414298838555,0.6770588235294116,1,PHYSIK_FEHLT,0.75,0.25,0.0833333333333333,0.8076923076923077,0.0,0.4639175257731959,0.0309278350515463,0.5046728971962616,39,,,,,0.33,1.768,-1.438,-1.4006778935209658,0.134020618556701,0.1909090909090909,0.091,0.093,-1.335014941338687,0.0656629521822789,-0.1480741221051831,9.477124183006536,4.084967320261438,37.41830065359477,2.941176470588235,0.0,-0.33,0.23199999999999998,0.06999999999999984,0.88,0.2019,0.2743,0.5238,-0.88,Ergebnis leicht schlechter als die Leistung,0.3923,1:1 18.5% | 1:2 17.5% | 1:3 9.9% | 1:0 8.6% | 2:1 6.4%,0.760;0.150;0.070;0.020;0.020;0.015;0.015;0.015;0.015;0.010;0.010;0.000
5717489,2448,Bochum,2502,Fortuna Düsseldorf,2BL,2025/26,2BL 2025/26,2025-09-27 18:30:00+00:00,7,True,0,1,0,0,0,52.15,0,0.3073852295409182,-0.2265101232732812,-0.2265101232732812,-0.3916240045368138,501,0.9881656804733728,0.3031575778162689,0.10092875026424,77.58929486736719,0.2692307692307692,0.137096030920082,0.137096030920082,0.137096030920082,21,0.7777777777777778,0.2730890967144389,-0.0519598996357656,55.30731882721487,0.0693069306930693,0.7679193415916765,0.7679193415916765,0.7679193415916765,7,0.5384615384615384,0.0472021272167362,0.8030222823616977,81.04458002434248,0.0215879698468798,1.0010947793175176,1.0010947793175176,-1.156269972100788,2,0.25,0.0107790328895455,0.9053424603376984,31.93357997685615,0.1860465116279069,1.839112231777708,1.839112231777708,1.839112231777708,16,0.7272727272727273,0.1003640189079816,1.6977326212327315,100.0,0.0697674418604651,0.6880706785359599,0.6880706785359599,0.6880706785359599,5.999999999999999,0.49999999999999994,0.0520418477300836,0.5657341613713023,73.39313640299866,6.1,-1.2497745341597866,1.2497745341597866,-0.7840054399244201,86,0.9347826086956522,11.57839121345102,-1.2535701996905024,42.165762658390584,0.49856184084372,2.2642127268652046,2.2642127268652046,2.2642127268652046,26,0.8125,0.2569667529129584,2.233133641246557,100.0,0.3177570093457944,-1.379735547181172,1.379735547181172,1.379735547181172,34,0.85,0.4746196682839498,-1.2599141054639502,100.0,0.4017857142857142,0.9561497776076202,0.9561497776076202,0.9561497776076202,44.99999999999999,0.8823529411764706,0.3527670148167238,0.7703086168296935,82.22628910401778,0.0089285714285714,-1.5090164488463604,1.5090164488463604,1.5090164488463604,112,0.9491525423728814,0.0539008191195689,-1.5091590632099026,100.0,0.625,1.883547246978968,1.883547246978968,1.883547246978968,112,0.9491525423728814,0.4805828770570416,1.5014522933145784,100.0,188.7529821093001,1.0632586713123369,1.0632586713123369,-0.1395239732833625,1028.0,0.9941972920696325,158.0226677366543,1.0818803117500717,99.2574141619063,5.273250239693193,0.4086806311826929,0.4086806311826929,-0.1728324821130381,1028.0,0.9941972920696325,4.907417900685331,0.3545336439839706,97.04263935382157,33.786998000000004,1.1534068379963127,1.1534068379963127,1.1534068379963127,1028.0,0.9941972920696325,33.05783276586139,1.040249181086332,87.12298106372256,92.8371119515881,100.0,86.68158861572365,81.996654022041,100.0,79.7580169304367,92.89051564160712,70.82718880040646,70.26767173410639,95.44863470453072,0.8665489130434783,0.922432701894317,0.7796186719263641,0.5045454545454546,0.9941972920696325,0.9099999999999999,0.7,0.64,0.4000000000000001,0.925,100.0,91.94492651544996,0.8070861877445417,0.7142499999999999,0,,0.7076923076923077,0.28,0.32,0.6756756756756757,0.0384615384615384,0.6732673267326733,0.3564356435643564,0.625,64,3.7392138063279,12.71332694151486,2166.5123610930004,6.481303930968361,1.522,1.272,0.25,-0.2869675559687022,0.2079207920792079,0.0654205607476635,0.076,0.212,-0.2659901616451191,0.0209773943235831,0.7823213535263575,33.49673202614379,36.76470588235294,39.705882352941174,45.09803921568628,0.0,-1.522,-0.272,0.4800000000000004,1.5279,0.4189,0.2714,0.3098,-1.5279,Ergebnis deutlich schlechter als die Leistung,0.2088,1:1 14.1% | 2:1 11.3% | 1:2 9.8% | 0:1 8.0% | 2:2 7.8%,0.225;0.225;0.120;0.120;0.110;0.083;0.083;0.083;0.067;0.067;0.067;0.045;0.045;0.045;0.045;0.025;0.025;0.017;0.017;0.017
5717504,2448,Bochum,2456,Kaiserslautern,2BL,2025/26,2BL 2025/26,2025-10-04 11:00:00+00:00,8,False,2,3,0,0,0,44.6,0,0.3428571428571428,0.6203278174241645,0.6203278174241645,-0.4552139361606319,315,0.9813084112149533,0.3035345846266955,0.938766227182796,71.91668722920322,0.1538461538461538,-1.4167827054680069,-1.4167827054680069,-1.4167827054680069,10,0.625,0.2649676323428508,-1.4964672891308726,5.064048695869456,0.0254237288135593,-0.8262675946709662,-0.8262675946709662,-0.8262675946709662,3,0.3333333333333333,0.0490343386422168,-0.8577251461592871,22.30465531783113,0.011268899444386,0.1367829026299052,0.1367829026299052,-0.2919580954131757,1,0.14285714285714285,0.0125238891622506,-0.1051163017561237,82.76539571441286,0.057471264367816,-0.7085072950029205,-0.7085072950029205,-0.7085072950029205,5,0.45454545454545453,0.1003353368980251,-0.8493185936045831,26.77712111442038,0.0919540229885057,1.3961827325435017,1.3961827325435017,1.3961827325435017,8.0,0.5714285714285714,0.0408532698669233,1.6309434538574905,93.97659242321672,8.6,-0.6777223792257665,0.6777223792257665,-0.2119532849904,87,0.9354838709677419,11.604167840078112,-0.6874162746800659,83.71325549888863,0.2690582959641255,0.1428447336432495,0.1428447336432495,0.1428447336432495,12,0.6666666666666666,0.2520522873273781,0.1571914823075114,56.13235214330755,0.396694214876033,-0.745715319762578,0.745715319762578,0.745715319762578,48,0.8888888888888888,0.4520707288414285,-0.4447817697896512,76.4873235366417,0.3483870967741935,0.117012557699558,0.117012557699558,0.117012557699558,54.0,0.9,0.3645175329192784,-0.2534831419515828,54.99748710816919,0.0516129032258064,-0.0766342688080089,0.0766342688080089,0.0766342688080089,155,0.9627329192546584,0.0579680589341693,-0.213263542024518,48.6170325064718,0.4580645161290322,0.1479797464919029,0.1479797464919029,0.1479797464919029,155,0.9627329192546584,0.4307843246770793,0.2836222269417025,55.75584631988585,214.5748752466367,1.9723348837661168,1.9723348837661168,-1.0486001857371423,1014.0,0.9941176470588236,160.56827855788575,1.9013366721101903,49.58164183038829,5.291479820627802,0.4263471933422199,0.4263471933422199,-0.1904990442725651,1014.0,0.9941176470588236,5.160152834100098,0.1272709657472353,95.59265887454325,32.5379618,-0.6285059896662784,-0.6285059896662784,-0.6285059896662784,1014.0,0.9941176470588236,33.09591499758974,-0.7959929103900371,30.737044337555236,79.26419714826235,53.090714591629286,21.385700769954425,76.69759960493687,61.931267303292245,71.89215973576117,53.31085849117497,33.63465416912477,67.09341845249686,60.974348422634264,0.8274193548387097,0.937639751552795,0.6622079439252336,0.401948051948052,0.9941176470588236,0.9099999999999999,0.7,0.64,0.4000000000000001,0.925,62.54094796335374,59.34054237586355,0.756331635253717,0.7142499999999999,0,,0.7441860465116279,0.1363636363636363,0.2272727272727272,0.8111111111111111,0.0,0.4745762711864407,0.1186440677966101,0.4580645161290322,56,3.90134529147982,14.461883408071747,2551.0091214349773,7.242152466367712,0.5946,3.457,-2.8624,-3.4390198822219444,0.0847457627118644,0.1570247933884297,0.074,0.165,-0.9820738260108708,2.4569460562110734,-1.2763357045953747,0.32679738562091504,10.130718954248366,1.3071895424836601,0.16339869281045752,2.0,1.4054,-0.45699999999999985,-0.120000000000001,0.1233,0.0208,0.061,0.9182,-0.1233,Ergebnis entspricht klar der Leistung,0.8494,0:3 13.1% | 0:4 11.8% | 0:2 9.9% | 1:3 8.6% | 1:4 7.7%,0.170;0.110;0.065;0.065;0.057;0.057;0.057;0.010
5717507,2448,Bochum,2457,Hertha BSC,2BL,2025/26,2BL 2025/26,2025-10-18 18:30:00+00:00,9,True,3,2,3,0,0,44.68333333333333,0,0.396551724137931,1.902204220117005,1.902204220117005,-1.7370903388534724,174,0.9666666666666667,0.3101588106084696,2.062499316908238,8.021781767401055,0.3023255813953488,0.5827821801166654,0.5827821801166654,0.5827821801166654,13,0.6842105263157895,0.2630404867099092,0.5290503685020426,70.8083674219764,0.0204081632653061,-1.0084728288502802,-1.0084728288502802,-1.0084728288502802,2,0.25,0.0485937808529067,-1.0239258172642087,14.95470637957724,0.0237710229774631,1.183944461954359,1.183944461954359,-1.3391196547376298,2,0.25,0.0107907196231734,1.0872132774100762,26.22095555056142,0.0649350649350649,-0.5606178335838425,-0.5606178335838425,-0.5606178335838425,5,0.45454545454545453,0.1136519744538979,-0.9652880520892296,33.126488340037675,0.0649350649350649,0.5338394190807099,0.5338394190807099,0.5338394190807099,5.0,0.45454545454545453,0.0567490863020651,0.2612655870871992,68.90993020989215,8.1,-0.7921328102125705,0.7921328102125705,-0.326363715977204,77,0.927710843373494,10.182996214898022,-0.4766329893807283,70.18636604667722,0.2014173815740395,-0.4823799045847801,-0.4823799045847801,-0.4823799045847801,9,0.6,0.3078331556113012,-0.9836319396940976,35.84322693828644,0.5887096774193549,0.7965445868535428,-0.7965445868535428,-0.7965445868535428,73,0.9240506329113924,0.4276180819441196,1.2938807411836688,26.178629400117515,0.3559322033898305,0.2355807919425059,0.2355807919425059,0.2355807919425059,42.0,0.875,0.350345221063178,0.0877971197709589,58.844856640356475,0.0254237288135593,-0.9554791554099148,0.9554791554099148,0.9554791554099148,118,0.9516129032258065,0.0506676648333093,-0.8471249891057328,85.57536039552772,0.4067796610169492,-0.3852102364629367,-0.3852102364629367,-0.3852102364629367,118,0.9516129032258065,0.4970988062136947,-0.9390152976488044,38.788423251424206,163.74461948526672,0.1828233193026716,0.1828233193026716,-0.7409113787263026,1002.0,0.9940476190476191,177.84766570464672,-0.4965067345366974,66.23592253863922,5.751585229392019,0.8722422927976196,0.8722422927976196,-0.6363941437279648,1002.0,0.9940476190476191,5.179211966764505,0.5546955719351141,58.99588446093526,33.609431199999996,0.9000846695219237,0.9000846695219237,0.9000846695219237,1002.0,0.9940476190476191,33.08026839917971,0.7549196594170215,78.7949460688383,38.107234448038874,64.18320975517702,18.963354011755712,37.734700029392975,72.0971624588889,44.96394636477253,60.847077750228166,32.07696413015528,43.57903315764387,66.8416650939926,0.8119139850541406,0.9209677419354838,0.6528070175438596,0.39318181818181824,0.9940476190476191,0.9099999999999999,0.7,0.64,0.4000000000000001,0.925,40.3480715130068,44.51763574010819,0.7454769546529103,0.7142499999999999,0,,0.696969696969697,0.25,0.125,0.8571428571428572,0.0,0.3469387755102041,0.0408163265306122,0.4067796610169492,37,3.5359940320775833,11.794106676613206,2254.942222402089,6.422976501305484,1.054,0.855,0.19900000000000007,-0.038444321974429485,0.1326530612244898,0.1290322580645161,0.132,0.108,-0.8832162910309702,-0.8447719690565407,-0.6250423012090696,40.35947712418301,12.908496732026146,80.3921568627451,42.64705882352941,3.0,1.946,1.145,-0.16999999999999993,0.8638,0.1969,0.2732,0.5299,2.1362,Ergebnis deutlich besser als die Leistung,0.8746,1:1 16.2% | 1:2 14.4% | 0:1 12.2% | 0:2 10.9% | 2:1 8.4%,0.280;0.280;0.170;0.150;0.050;0.050;0.040;0.020
5717520,2448,Bochum,2496,Holstein Kiel,2BL,2025/26,2BL 2025/26,2025-10-25 11:00:00+00:00,10,False,1,1,1,0,0,44.38333333333333,0,0.3841463414634146,1.6060445902713218,1.6060445902713218,-1.4409307090077892,164,0.9647058823529412,0.3002127541606298,2.00378664644314,20.019822192197815,0.3809523809523809,1.6416452836133095,1.6416452836133095,1.6416452836133095,16,0.7272727272727273,0.2595076784718905,1.6354896205389016,100.0,0.0898876404494382,1.5155744175066332,1.5155744175066332,1.5155744175066332,8,0.5714285714285714,0.0433901562287541,1.6891584647177644,100.0,0.0013602475881673,-0.6931528519728433,-0.6931528519728433,-0.5379776591895726,0,0.0,0.0117604473368609,-0.8711071648999619,54.58446057393211,0.0547945205479452,-0.7615449128104727,-0.7615449128104727,-0.7615449128104727,4,0.4,0.0816969187553148,-0.5330503067334685,24.50004667652101,0.0684931506849315,0.6474001066933089,0.6474001066933089,0.6474001066933089,5.0,0.45454545454545453,0.0491568024597461,0.6171433615536187,72.21092107125484,13.9,0.5350281892343561,-0.5350281892343561,-1.0007972834697227,73,0.9240506329113924,11.617505087020843,0.5222824534382657,36.246046543888305,0.3604956815621479,0.9880270740437146,0.9880270740437146,0.9880270740437146,16,0.7272727272727273,0.2861418485040023,0.6872740972505246,77.84154613283968,0.5514018691588785,0.4968898813327679,-0.4968898813327679,-0.4968898813327679,59,0.9076923076923077,0.4605531246607343,0.7296931942357923,34.0788325512057,0.3482142857142857,0.1142969032661991,0.1142969032661991,0.1142969032661991,39.0,0.8666666666666667,0.3516341169894991,-0.0537412360576202,54.909368007859015,0.0625,0.2887101738738395,-0.2887101738738395,-0.2887101738738395,112,0.9491525423728814,0.0540605801909297,0.2832063671934527,39.27175080897735,0.4196428571428571,-0.2514762655249611,-0.2514762655249611,-0.2514762655249611,112,0.9491525423728814,0.455634624628904,-0.3741933139999941,43.062439580538154,181.17148168231316,0.7963471146644464,0.7963471146644464,-0.1273875833645279,990.0,0.9939759036144579,171.88287775899056,0.3270112237196092,99.9238093913613,7.187382651145325,2.263695255478565,2.263695255478565,-2.0278471064089105,990.0,0.9939759036144579,5.4983512732398525,1.6368658135475145,0.0,33.378954199999995,0.5712792091347949,0.5712792091347949,0.5712792091347949,990.0,0.9939759036144579,33.22598137274903,0.2182356629554076,67.98537737966977,44.29929725053937,43.58232393249334,88.9844202936738,48.57032174708927,54.98604975994188,50.1543072022165,46.664004319998256,72.00693776726924,50.22417688390119,56.965868101461965,0.8502708683721343,0.9161581920903954,0.7636210847975553,0.29909090909090913,0.9939759036144579,0.9099999999999999,0.7,0.64,0.4000000000000001,0.925,56.62947726762805,55.550144971277405,0.7574381398309743,0.7142499999999999,0,,0.7142857142857143,0.3809523809523809,0.1904761904761904,0.9253731343283582,0.0238095238095238,0.4719101123595505,0.0898876404494382,0.4196428571428571,34,4.100638377769433,13.698835899361622,2323.6990873000377,8.561772437101014,0.2321999999999999,1.209,-0.9768000000000001,-0.4918782450020943,0.1797752808988764,0.2523364485981308,0.124,0.064,-1.1387098834574083,-0.646831638455314,0.8015805382339758,26.47058823529412,6.862745098039216,71.73202614379085,7.352941176470589,0.0,-0.2321999999999999,-0.20900000000000007,0.7200000000000004,1.2121,0.2939,0.3305,0.3756,-0.2121,Ergebnis entspricht klar der Leistung,0.5409,1:1 24.1% | 1:0 18.2% | 1:2 14.8% | 0:1 7.1% | 2:1 5.7%,0.760;0.110;0.030;0.030;0.020;0.020;0.020;0.000
5717525,2448,Bochum,2526,Magdeburg,2BL,2025/26,2BL 2025/26,2025-11-02 12:30:00+00:00,11,True,2,0,3,0,0,50.93333333333333,0,0.3846153846153846,1.6172422816214198,1.6172422816214198,-1.4521284003578872,195,0.9701492537313433,0.3267130426792541,1.3823302839524108,19.566180507296746,0.3846153846153846,1.69097476730817,1.69097476730817,1.69097476730817,25,0.8064516129032258,0.2940251009561604,1.2199747343457583,100.0,0.0388349514563106,-0.3390653163347846,-0.3390653163347846,-0.3390653163347846,4,0.4,0.0453562318109884,-0.2369047723016733,41.95783314502685,0.026118778333262,1.3805893881372011,1.3805893881372011,-1.5357645809204716,2,0.25,0.0135904009931275,1.049360543958037,20.077337511857294,0.1014492753623188,0.1628831315846154,0.1628831315846154,0.1628831315846154,7,0.5384615384615384,0.1164141022422398,-0.296516522321418,61.13862930854788,0.1304347826086956,2.624343555392623,2.624343555392623,2.624343555392623,9.0,0.6,0.0533506054573631,2.46023642394928,100.0,18.9,1.6791324991023957,-1.6791324991023957,-2.144901593337762,69,0.92,11.744826644628402,1.6372529347467215,5.00514463061105,0.274869109947644,0.1965557767806,0.1965557767806,0.1965557767806,14,0.7,0.3179582088965783,-0.3982850696924905,57.51196385442823,0.8787878787878788,3.126440178741392,-3.126440178741392,-3.126440178741392,87,0.9354838709677419,0.4509959301034412,3.4360064657831133,0.0,0.2765957446808511,-1.01115888973634,-1.01115888973634,-1.01115888973634,26.0,0.8125,0.348553759333738,-1.130790480725454,18.09592946432371,0.0531914893617021,-0.0236607641165505,0.0236607641165505,0.0236607641165505,94,0.94,0.0509601299492829,0.0748789854505117,47.26200348177599,0.4042553191489361,-0.4114549005969488,-0.4114549005969488,-0.4114549005969488,94,0.94,0.4762592375075706,-0.7485985466550859,37.949667606361494,145.92605234293194,-0.4444906984168617,-0.4444906984168617,-1.368225396445836,1030.0,0.9942084942084942,161.88121384356975,-0.5617116339590058,38.43866279299135,4.633507853403143,-0.2113033758012778,-0.2113033758012778,-0.4471515248709325,1030.0,0.9942084942084942,4.865624152620623,-0.224947410643974,74.52794444591821,33.082723800000004,0.1486679591937578,0.1486679591937578,0.1486679591937578,1030.0,0.9942084942084942,32.93940074391759,0.2044690074899832,54.0919179168176,10.569432640835828,24.017313085150345,54.68556991230572,68.89873350508066,51.55086098807939,21.880987969763748,32.80187311217073,54.43551312106191,62.42172151154895,54.983225152472315,0.8476451612903225,0.889,0.7418103033220992,0.47346153846153843,0.9942084942084942,0.9099999999999999,0.7,0.64,0.4000000000000001,0.925,33.76946284049933,39.895310608928206,0.7818969328105824,0.7142499999999999,0,,0.5,0.3333333333333333,0.25,0.868421052631579,0.0461538461538461,0.4271844660194174,0.1359223300970873,0.4042553191489361,34,3.2591623036649215,10.13089005235602,1993.8060911583768,5.5170157068062835,3.383,1.206,2.177,2.350220681319868,0.2427184466019417,0.1919191919191919,0.13,0.14,2.0243018020630377,-0.3259188792568302,1.4669374035324478,93.30065359477125,95.91503267973856,53.10457516339869,94.28104575163398,2.0,-1.383,-1.206,0.22,2.1957,0.674,0.1737,0.1523,0.8043,Ergebnis leicht besser als die Leistung,0.6332,3:2 11.4% | 4:2 9.8% | 2:2 9.3% | 5:2 6.3% | 3:1 5.9%,0.300;0.260;0.260;0.213;0.213;0.213;0.213;0.155;0.155;0.130;0.102;0.102;0.102;0.102;0.102;0.102;0.102;0.102;0.070;0.067;0.067;0.067;0.055;0.055;0.050;0.010
5717535,2448,Bochum,2493,Eintracht Braunschweig,2BL,2025/26,2BL 2025/26,2025-11-09 12:30:00+00:00,12,False,2,0,3,0,0,45.166666666666664,0,0.3393665158371041,0.536994410200247,0.536994410200247,-0.3718805289367143,221,0.973568281938326,0.3121431980979007,0.649915276001608,79.35053265506562,0.3488372093023256,1.209151903311864,1.209151903311864,1.209151903311864,15,0.7142857142857143,0.2708236994282432,1.0506039625842696,92.59362490650614,0.0285714285714285,-0.7119181028756744,-0.7119181028756744,-0.7119181028756744,3,0.3333333333333333,0.0490634197767091,-0.7444321124781202,26.91738189287316,0.0225066068616406,1.078038617401104,1.078038617401104,-1.2332138101843746,2,0.25,0.0119421041013076,0.8848689708375415,29.52968601023573,0.073170731707317,-0.397434437618013,-0.397434437618013,-0.397434437618013,6,0.5,0.08449234726111,-0.2243290950178038,40.13247305435287,0.0609756097560975,0.4074685319508361,0.4074685319508361,0.4074685319508361,5.0,0.45454545454545453,0.0484630174015528,0.3993547911686816,65.23657147697332,15.5,0.9011415683921288,-0.9011415683921288,-1.3669106626274954,82,0.9318181818181818,10.291842732570576,1.1917350352273115,26.248957931639577,0.3099630996309963,0.5209397269622087,0.5209397269622087,0.5209397269622087,14,0.7,0.2834265080641291,0.2452854313369728,65.84402874145198,0.4491525423728814,-0.324372297721976,0.324372297721976,0.324372297721976,53,0.8983050847457628,0.4518911828983632,-0.0219966424846218,59.014360857675044,0.3185840707964602,-0.3513296865244102,-0.3513296865244102,-0.3513296865244102,36.0,0.8571428571428571,0.3813607479971855,-0.9865095546699736,39.705584380545936,0.1061946902654867,1.7549975224937058,-1.7549975224937058,-1.7549975224937058,113,0.9495798319327731,0.050730911661121,1.8612292793495715,1.7650400958278583,0.3539823008849557,-0.9341251839130972,-0.9341251839130972,-0.9341251839130972,113,0.9495798319327731,0.4432084240858787,-0.9276515455616002,21.245599747104595,149.62857345387457,-0.3141410819048534,-0.3141410819048534,-1.2378757799338278,1009.0,0.994088669950739,166.31816167242013,-0.587567594848065,42.982994703185476,6.044280442804428,1.155897643959829,1.155897643959829,-0.9200494948901742,1009.0,0.994088669950739,5.195449500020228,0.8226148844243224,42.428021626634724,33.586763,0.8677455296635129,0.8677455296635129,0.8677455296635129,1009.0,0.994088669950739,33.250641345051704,0.47952132100538,77.7317880749396,44.03987667309125,9.880100038100476,81.66206685472679,41.25524413093846,46.448642524348784,49.93685359288456,22.785425705098113,68.25566971441205,45.73807138903489,51.47595246933124,0.8406278890600924,0.9126050420168067,0.690748898678414,0.4090909090909091,0.994088669950739,0.9099999999999999,0.7,0.64,0.4000000000000001,0.925,40.375272205622714,44.53674775167828,0.7617592427148598,0.7142499999999999,0,,0.7419354838709677,0.1875,0.4375,0.9078947368421052,0.0,0.3904761904761905,0.0952380952380952,0.3539823008849557,41,3.3874538745387457,11.712177121771218,2152.1442053357932,6.841328413284133,1.564,2.4509999999999996,-0.8869999999999996,-1.0614275023973252,0.1428571428571428,0.1779661016949152,0.142,0.14,0.2217296261192464,1.2831571285165717,-0.1756805768420425,14.869281045751634,54.084967320261434,8.49673202614379,9.313725490196079,2.0,0.43599999999999994,-2.4509999999999996,3.25,0.4569,0.1034,0.1468,0.7498,2.5431,Ergebnis deutlich besser als die Leistung,0.9799,1:3 10.5% | 2:3 8.9% | 1:2 7.9% | 1:4 7.8% | 2:2 6.7%,0.360;0.190;0.190;0.190;0.165;0.165;0.140;0.055;0.055;0.050;0.000
5717543,2448,Bochum,2478,Dynamo Dresden,2BL,2025/26,2BL 2025/26,2025-11-21 17:30:00+00:00,13,True,1,2,0,0,0,50.0,0,0.3004694835680751,-0.3916130323218984,-0.3916130323218984,-0.556726913585431,426,0.9861111111111112,0.3294497818777598,-0.6918605129243456,62.8611138639223,0.28,0.2821247129829708,0.2821247129829708,0.2821247129829708,21,0.7777777777777778,0.2964478798023597,-0.2215027592574663,60.35144382940216,0.1,1.8829357494021448,1.8829357494021448,1.8829357494021448,10,0.625,0.0519108078217799,1.7469819580721555,100.0,0.0118683089893002,0.186988664240375,0.186988664240375,-0.3421638570236456,1,0.14285714285714285,0.0119087728367781,-0.0033891990835948,77.01444936728,0.0975609756097561,0.0858394658192548,0.0858394658192548,0.0858394658192548,8,0.5714285714285714,0.0974851281065456,0.0015028598766426,58.54194357328125,0.097560975609756,1.5751355290308602,1.5751355290308602,1.5751355290308602,7.999999999999999,0.5714285714285714,0.0561845870607419,1.3205783853658564,99.17840616914307,16.5,1.1299624303657367,-1.1299624303657367,-1.5957315246011032,82,0.9318181818181818,11.679229464115474,1.1030928693980693,20.000777548984125,0.42,1.538042790179042,1.538042790179042,1.538042790179042,21,0.7777777777777778,0.282210593538983,1.2736275460355246,91.96914595137784,0.3535353535353535,-1.0923654310572193,1.0923654310572193,1.0923654310572193,35,0.8536585365853658,0.4986848822650367,-1.165834749238016,90.86279468595916,0.3879310344827586,0.7384292066572538,0.7384292066572538,0.7384292066572538,45.0,0.8823529411764706,0.3631677351814026,0.3891450209737709,75.16156813087332,0.0258620689655172,-0.9407695278715852,0.9407695278715852,0.9407695278715852,116,0.9508196721311475,0.0550315709035548,-0.9788574171693092,84.94088715802212,0.603448275862069,1.6594818108841032,1.6594818108841032,1.6594818108841032,116,0.9508196721311475,0.4597712327509921,1.4937579525177938,100.0,173.99153547999998,0.5435725305351746,0.5435725305351746,-0.3801621674937997,980.0,0.9939148073022313,170.8040946749538,0.1122158859174522,86.04424733726115,5.72,0.8416325700410389,0.8416325700410389,-0.6057844209713841,980.0,0.9939148073022313,5.34810645014112,0.3604076549470096,61.50817293406237,32.5084324,-0.6706335250036702,-0.6706335250036702,-0.6706335250036702,980.0,0.9939148073022313,33.05052902206729,-0.7733714400705605,29.493757378005245,69.87057548686897,100.0,91.16566090522667,95.4164910539964,65.99368140367825,66.44831163091443,85.54689339975596,73.12439519266356,78.30645722003253,63.318998806327606,0.8544561468341956,0.9234329797492766,0.804861111111111,0.4428571428571429,0.9939148073022313,0.9099999999999999,0.7,0.64,0.4000000000000001,0.925,100.0,84.6831264741136,0.7969315045473897,0.7142499999999999,0,,0.8035714285714286,0.3333333333333333,0.2666666666666666,0.6301369863013699,0.04,0.87,0.11,0.603448275862069,53,3.0,13.48,2192.8014888199996,6.34,1.816,0.9727,0.8433,0.7291553845541277,0.21,0.1414141414141414,0.123,0.122,0.1649327788538006,-0.564222605700327,0.8346066642177159,65.359477124183,52.450980392156865,68.13725490196079,66.33986928104575,0.0,-1.816,1.0272999999999999,-0.41000000000000036,2.4371,0.76,0.1571,0.0829,-2.4371,Ergebnis deutlich schlechter als die Leistung,0.051,2:1 12.6% | 3:1 11.1% | 2:0 9.9% | 3:0 8.7% | 1:1 7.5%,0.760;0.300;0.128;0.128;0.128;0.128;0.128;0.107;0.107;0.107;0.100;0.085;0.085;0.070;0.070;0.070;0.040;0.030;0.010;0.000;0.000
5717555,2448,Bochum,2469,Greuther Fürth,2BL,2025/26,2BL 2025/26,2025-11-29 12:00:00+00:00,14,False,3,0,3,0,0,51.1,0,0.3157894736842105,-0.0258715859613128,-0.0258715859613128,-0.1909854672248454,342,0.9827586206896551,0.3286869070671391,-0.3079065915873818,95.48746947146785,0.2678571428571428,0.1185974745345088,0.1185974745345088,0.1185974745345088,15,0.7142857142857143,0.2878133145324986,-0.2687487471590628,54.66393553611953,0.0384615384615384,-0.3526306464064379,-0.3526306464064379,-0.3526306464064379,4,0.4,0.059570912659892,-0.7668603734088063,41.410623380135625,0.0012170636315181,-0.7051457534122133,-0.7051457534122133,-0.5499705606289427,0,0.0,0.0120797309998426,-0.9098428494761404,53.210703249834744,0.072289156626506,-0.414902169067552,-0.414902169067552,-0.414902169067552,6,0.5,0.0956729558971537,-0.4633319779794971,39.382527517278376,0.0602409638554216,0.3840214034954132,0.3840214034954132,0.3840214034954132,5.0,0.45454545454545453,0.0523523113187691,0.2517760586384732,64.5550085313474,9.7,-0.4260194310547978,0.4260194310547978,-0.0397496631805687,83,0.9325842696629213,11.96785791664042,-0.5189332033193321,100.0,0.2544031311154598,0.0073827839741878,0.0073827839741878,0.0073827839741878,13,0.6842105263157895,0.28349527003056,-0.2689070984992339,52.652902085024856,0.7070707070707071,1.7472152678456925,-1.7472152678456925,-1.7472152678456925,70,0.9210526315789473,0.4777818159987086,1.8416384756151136,1.1148097061510047,0.3195876288659793,-0.335559185943737,-0.335559185943737,-0.335559185943737,31.0,0.8378378378378378,0.3654337111524546,-0.7204522481363684,40.22207421419608,0.0824742268041237,0.9589965606956314,-0.9589965606956314,-0.9589965606956314,97,0.941747572815534,0.0555489691621739,0.9035460464152928,22.12624544186751,0.4536082474226804,0.1016495417874328,0.1016495417874328,0.1016495417874328,97,0.941747572815534,0.4501312728190871,0.036148840151203,54.29367991502344,133.93221757338551,-0.8667412989868992,-0.8667412989868992,-1.7904759970158737,970.0,0.9938524590163934,163.14814405409098,-1.0285653204104026,23.71789161149513,4.559686888454011,-0.2828443876670062,-0.2828443876670062,-0.518692536736661,970.0,0.9938524590163934,5.289056189066998,-0.7068428030656012,68.6562264661309,33.508219,0.7556922832196298,0.7556922832196298,0.7556922832196298,970.0,0.9938524590163934,33.12088355293642,0.5525844661115584,74.04800720690478,48.604392222708036,32.78624787694763,75.26060700684624,52.07069871811827,47.20031018126926,53.762958641604,39.014807292745715,64.97617876669626,52.34134859196945,52.02883770947007,0.8421939680662329,0.9001836788244555,0.7139655172413794,0.33409090909090916,0.9938524590163933,0.9099999999999999,0.7,0.64,0.4000000000000001,0.925,49.93636616280829,51.25465530324983,0.749274381900366,0.7142499999999999,0,,0.7435897435897436,0.5714285714285714,0.2857142857142857,0.8051948051948052,0.0178571428571428,0.3173076923076923,0.173076923076923,0.4536082474226804,46,2.602739726027397,9.784735812133071,1974.450372074364,4.990215264187867,2.888,0.4808,2.4072,3.0010641737114083,0.1442307692307692,0.1616161616161616,0.192,0.048,1.595272715828425,-1.405791457882983,-0.5278562407427828,98.52941176470588,90.84967320261438,97.54901960784314,96.40522875816994,3.0,0.1120000000000001,-0.4808,0.1199999999999999,2.8031,0.911,0.0701,0.0189,0.1969,Ergebnis entspricht klar der Leistung,0.6562,3:0 17.7% | 2:0 15.8% | 4:0 11.7% | 3:1 9.5% | 2:1 8.5%,0.660;0.660;0.330;0.240;0.195;0.195;0.090;0.090;0.090;0.080;0.080;0.080;0.040;0.030;0.030
5717561,2448,Bochum,2459,Arminia Bielefeld,2BL,2025/26,2BL 2025/26,2025-12-06 12:00:00+00:00,15,True,1,0,3,0,0,41.6,0,0.3645320197044335,1.1377825120891656,1.1377825120891656,-0.9726686308256328,203,0.9712918660287081,0.331491988891496,0.7887804473577812,38.99008949823235,0.2264150943396226,-0.439500481324555,-0.439500481324555,-0.439500481324555,12,0.6666666666666666,0.2914598777732898,-0.8759547843847116,36.4032683002644,0.0363636363636363,-0.4288431371726396,-0.4288431371726396,-0.4288431371726396,4,0.4,0.0503459896927908,-0.5079502876009266,38.336299428292065,0.0346180116110469,2.092474081060003,2.092474081060003,-2.2476492738432734,3,0.3333333333333333,0.0109852692878074,1.979447670377117,0.0,0.0128205128205128,-1.5932275576615047,-1.5932275576615047,-1.5932275576615047,1,0.14285714285714285,0.0993280075303719,-1.7140794004455044,0.0,0.0384615384615384,-0.3110957739445639,-0.3110957739445639,-0.3110957739445639,3.0,0.3333333333333333,0.0564449218787471,-0.5739618238643636,42.09387612068636,9.0,-0.5861940344363232,0.5861940344363232,-0.1204249402009567,78,0.9285714285714286,11.054641163352342,-0.4701447620447395,94.53476706065774,0.1923076923076923,-0.5665834111056276,-0.5665834111056276,-0.5665834111056276,8,0.5714285714285714,0.3048218863285331,-1.0400014087111318,32.758849410050274,0.4102564102564102,-0.6367843518925764,0.6367843518925764,0.6367843518925764,48,0.8888888888888888,0.4417688445563892,-0.2531065120329428,71.96999054045685,0.2845528455284553,-0.8861163362967103,-0.8861163362967103,-0.8861163362967103,35.0,0.8536585365853658,0.365088564556682,-1.265585562286562,22.19112018416486,0.056910569105691,0.101142491015497,-0.101142491015497,-0.101142491015497,123,0.9534883720930233,0.0528541429285881,0.1361237795246345,44.06961449287623,0.4471544715447154,0.0345519816432921,0.0345519816432921,0.0345519816432921,123,0.9534883720930233,0.4549656890183364,-0.0812103866241647,52.176102431461594,184.21558067307691,0.9035165606124876,0.9035165606124876,-0.0202181374164868,986.0,0.9939516129032258,179.04323358416275,0.1820957772568419,100.0,6.25,1.3552635733063527,1.3552635733063527,-1.119415424236698,986.0,0.9939516129032258,5.905642972075936,0.3337215957247147,33.75465830345871,34.08665839999999,1.5809114296986797,1.5809114296986797,1.5809114296986797,986.0,0.9939516129032258,33.239458570050374,1.208640906148901,100.0,69.34506205445442,31.001329239187783,28.000911109269968,0.0,89.3757656919,66.14376292688486,37.75016315096729,37.88856505796148,14.732856642240227,76.81413040621055,0.7916666666666667,0.9135564378899603,0.6932854864433812,0.2666666666666667,0.9939516129032258,0.9099999999999999,0.7,0.64,0.4000000000000001,0.925,37.537832200680164,42.54307843709016,0.7217111268021522,0.7142499999999999,0,,0.6904761904761905,0.3076923076923077,0.2307692307692307,0.8390804597701149,0.0188679245283018,0.2909090909090909,0.1272727272727272,0.4471544715447154,44,3.798076923076923,13.461538461538462,2422.1472319471154,8.221153846153847,2.226,0.8536,1.3723999999999998,1.1308691846241405,0.109090909090909,0.094017094017094,0.223,0.057,0.5057861828470176,-0.6250830017771231,-1.1674142662629756,74.50980392156863,66.17647058823529,71.07843137254902,82.6797385620915,1.0,-1.226,-0.8536,1.32,2.3335,0.719,0.1764,0.1045,0.6665,Ergebnis leicht besser als die Leistung,0.4081,2:0 12.5% | 2:1 11.9% | 3:0 9.7% | 3:1 9.2% | 1:0 9.2%,0.320;0.320;0.320;0.280;0.280;0.280;0.280;0.090;0.060;0.000
5717574,2448,Bochum,2455,Hannover 96,2BL,2025/26,2BL 2025/26,2025-12-13 19:30:00+00:00,16,False,0,0,1,0,0,55.483333333333334,0,0.3759398496240601,1.4101270882286372,1.4101270882286372,-1.2450132069651043,266,0.9779411764705882,0.3479532022264287,0.668138609777087,27.956846258098192,0.1702127659574468,-1.1963743740654404,-1.1963743740654404,-1.1963743740654404,8,0.5714285714285714,0.2552115797082327,-1.1446746939815005,12.132042904520253,0.0813953488372093,1.2070668390414103,1.2070668390414103,1.2070668390414103,7,0.5384615384615384,0.0408122264031016,1.4743018021984908,96.06535911347004,0.0012991128651036,-0.6982734166323492,-0.6982734166323492,-0.5430982238490787,0,0.0,0.011743305237604,-0.8747919296859075,53.997912502969214,0.0779220779220779,-0.3032901707146483,-0.3032901707146483,-0.3032901707146483,6,0.5,0.064856846506475,0.2588775008067136,44.1743873126117,0.0389610389610389,-0.2951536004912569,-0.2951536004912569,-0.2951536004912569,2.9999999999999996,0.33333333333333326,0.0469008257945969,-0.2534080726834973,42.742248231199895,15.2,0.8324953098000463,-0.8324953098000463,-1.2982644040354128,77,0.927710843373494,14.691130169513128,0.1164400332443696,28.12341204643622,0.1261640132171823,-1.1779686681401815,-1.1779686681401815,-1.1779686681401815,7,0.5384615384615384,0.2226905628001859,-0.8922229627824029,10.363785049810204,0.9142857142857144,3.4115572611618483,-3.4115572611618483,-3.4115572611618483,96,0.9411764705882353,0.5491099225312472,2.933076196208137,0.0,0.3047619047619048,-0.5685393170329537,-0.5685393170329537,-0.5685393170329537,32.0,0.8421052631578947,0.3196753457351304,-0.2343585654597817,32.59188717387327,0.0571428571428571,0.1089375116018181,-0.1089375116018181,-0.1089375116018181,105,0.9459459459459459,0.0583446972979946,-0.04033082747204,43.87022275536353,0.4,-0.4556959058514231,-0.4556959058514231,-0.4556959058514231,105,0.9459459459459459,0.425157627001778,-0.2615546964683122,36.53576523325589,144.26955357765092,-0.5028087936652161,-0.5028087936652161,-1.4265434916941904,1094.0,0.9945454545454545,161.4040466025449,-0.6032307522357346,36.40553996324814,4.668068489035746,-0.1778101419268231,-0.1778101419268231,-0.4136582909964779,1094.0,0.9945454545454545,4.8469254694322235,-0.1733330005321646,77.27689666805009,33.3956576,0.5951087848713403,0.5951087848713403,0.5951087848713403,1094.0,0.9945454545454545,32.976560327865144,0.5978968465889904,68.76878114508976,0.5358041916197971,30.166328273562648,35.7175023895933,42.693643518232264,58.166219590490726,13.470518983686247,37.15855126613513,42.850718940957464,46.62019619122483,58.801325105389225,0.7955132748187319,0.9044096728307254,0.7038178733031674,0.2916666666666667,0.9945454545454545,0.9099999999999999,0.7,0.64,0.4000000000000001,0.925,20.503679723960268,30.574378822756202,0.7280389794466131,0.7142499999999999,0,,0.7419354838709677,0.5,0.2142857142857142,0.8194444444444444,0.0425531914893617,0.5232558139534884,0.0930232558139534,0.4,34,2.703514568939622,10.615800540702914,2077.0217813097024,6.1459897867227395,1.134,2.6820000000000004,-1.5480000000000005,-1.2413686430941215,0.0930232558139534,0.2095238095238095,0.142,0.202,-0.2409596415538193,1.0004090015403022,-0.6309495593020149,11.76470588235294,37.58169934640523,11.601307189542483,2.1241830065359477,0.0,-1.134,-2.6820000000000004,3.3600000000000003,0.2417,0.0472,0.1002,0.8526,0.7583,Ergebnis leicht besser als die Leistung,0.9027,1:3 11.4% | 1:4 10.0% | 1:2 8.3% | 0:3 6.7% | 2:3 6.4%,0.450;0.340;0.100;0.080;0.070;0.040;0.040;0.010
5717579,2448,Bochum,2472,Karlsruher SC,2BL,2025/26,2BL 2025/26,2025-12-20 12:00:00+00:00,17,True,2,2,1,0,0,56.86666666666667,0,0.31,-0.1640864583520952,-0.1640864583520952,-0.3292003396156279,300,0.9803921568627451,0.3044803916020338,0.1317722494278887,83.15786444106799,0.2916666666666667,0.4392391185510996,0.4392391185510996,0.4392391185510996,14,0.7,0.2881454329533759,0.0474202750054401,65.81591258177168,0.0930232558139534,1.6294849080168663,1.6294849080168663,1.6294849080168663,8,0.5714285714285714,0.052057870388303,1.488188634545122,100.0,0.0229958809238502,1.1190195746412788,1.1190195746412788,-1.2741947674245493,2,0.25,0.012739318730975,0.859076270585845,28.249351180187784,0.1,0.1341668561629815,0.1341668561629815,0.1341668561629815,8,0.5714285714285714,0.0914559839880252,0.1692930987346394,60.17077371631215,0.1,1.652979995502865,1.652979995502865,1.652979995502865,8.0,0.5714285714285714,0.0609045946737373,1.2477779973431224,100.0,25.8,3.2579964467202913,-3.2579964467202913,-3.723765540955658,80,0.9302325581395349,14.268504672491188,2.6386467006851997,0.0,0.2110199296600234,-0.3936207606958781,-0.3936207606958781,-0.3936207606958781,12,0.6666666666666666,0.2915316316188136,-0.7441930698927022,39.09447763018761,0.7472527472527473,2.0699556800914864,-2.0699556800914864,-2.0699556800914864,68,0.918918918918919,0.4724839487712444,2.206931128744374,0.0,0.2761904761904762,-1.0175275166817124,-1.0175275166817124,-1.0175275166817124,29.0,0.8285714285714286,0.3525549251251093,-1.200035775551567,17.887354533251052,0.0285714285714285,-0.8498500205156222,0.8498500205156222,0.8498500205156222,105,0.9459459459459459,0.0527501043731417,-0.8113774515627287,81.0192382900113,0.4666666666666667,0.2374131764686927,0.2374131764686927,0.2374131764686927,105,0.9459459459459459,0.4792638031752504,-0.1309678458798861,58.578336693451135,,,,,970.0,,155.4447600327424,,,,,,,970.0,,4.959582724393926,,,,,,,970.0,,33.02924329920029,,,0.7893726356902655,46.92763811522051,100.0,72.42590375160839,,13.683067170565664,49.03421430833915,82.14082195799388,64.5345761547656,,0.8345904043578463,0.898996138996139,0.759565826330532,0.47500000000000003,,0.9099999999999999,0.7,0.64,0.4000000000000001,0.925,50.85060137130687,51.84476650857452,0.7474823460644656,0.6770588235294116,1,PHYSIK_FEHLT,0.6666666666666666,0.6153846153846154,0.3076923076923077,0.7692307692307692,0.0,0.5581395348837209,0.1627906976744186,0.4666666666666667,35,,,,,1.59,1.633,-0.04299999999999993,-1.113103953881863,0.1627906976744186,0.1318681318681318,0.145,0.181,-0.6489905321988114,0.4641134216830516,-0.2408738279471989,14.215686274509803,18.790849673202615,23.202614379084967,32.35294117647059,2.0,0.4099999999999999,0.367,-0.13999999999999968,1.355,0.3688,0.2485,0.3827,-0.355,Ergebnis leicht schlechter als die Leistung,0.5069,1:1 11.1% | 1:2 9.8% | 2:1 9.6% | 2:2 8.6% | 0:1 5.6%,0.255;0.255;0.203;0.203;0.203;0.160;0.100;0.080;0.080;0.040;0.020
5717588,2448,Bochum,2520,Darmstadt 98,2BL,2025/26,2BL 2025/26,2026-01-18 12:30:00+00:00,18,True,3,3,1,0,0,49.88333333333333,0,0.2548076923076923,-1.4817187995180725,-1.4817187995180725,-1.6468326807816052,416,0.985781990521327,0.3289334878593207,-1.7696405462512557,11.678306563700977,0.2763157894736842,0.232509637540403,0.232509637540403,0.232509637540403,21,0.7777777777777778,0.2512056833373836,0.3381565199449274,58.62582211812754,0.0560747663551401,0.2872218851041945,0.2872218851041945,0.2872218851041945,6,0.5,0.0593580442378473,-0.1192747676685813,64.60260928663956,0.0012432370429486,-0.7029535026114679,-0.7029535026114679,-0.5477783098281974,0,0.0,0.011782595849178,-0.8827629460396808,53.46182018004611,0.1728395061728395,1.577425587539213,1.577425587539213,1.577425587539213,14,0.7,0.0850024494173459,1.740423648671392,100.0,0.1234567901234567,2.401632333548409,2.401632333548409,2.401632333548409,10.0,0.625,0.0591145240879966,2.0535626421632944,100.0,10.2,-0.3116090000679937,0.3116090000679937,-0.1541600941673727,81,0.9310344827586207,13.49902252075171,-0.7548851768687516,90.54621728926782,0.420982292014701,1.547122400871232,1.547122400871232,1.547122400871232,21,0.7777777777777778,0.2735154879385276,1.3630785458849857,92.20236311700484,0.5157894736842106,0.210852658123486,-0.210852658123486,-0.210852658123486,49,0.8909090909090909,0.5241624801207064,-0.0672516262690709,41.62001955909607,0.3394495412844037,-0.0234374355021981,-0.0234374355021981,-0.0234374355021981,37.0,0.8604651162790697,0.3478071789178498,-0.1313368236025186,50.44008581016944,0.0,-1.8086375526330591,1.8086375526330591,1.8086375526330591,109,0.9478260869565217,0.0504453182534446,-1.692821976828467,100.0,0.6055045871559633,1.6808605313922376,1.6808605313922376,1.6808605313922376,109,0.9478260869565217,0.4811387166266026,1.2929867159182136,100.0,130.8087408553291,-0.9767052884371,-0.9767052884371,-1.9004399864660744,980.0,0.9939148073022313,164.9277058089064,-1.2011799161229324,19.88425650306532,5.0918810557968595,0.232913016303287,0.232913016303287,-0.0029351327663676,980.0,0.9939148073022313,5.268743303670587,-0.171399875122908,100.0,33.7822976,1.1467011051639473,1.1467011051639473,1.1467011051639473,980.0,0.9939148073022313,33.089440689527066,0.9884506281774582,86.90252827812307,87.12553412967442,92.63333175158465,37.48487493558067,100.0,68.35064158646392,76.44800900992425,80.17603432406779,43.987227824631844,86.03854605401385,64.6793346707569,0.8653570184604666,0.912881698685541,0.7672459189046866,0.46375000000000005,0.9939148073022313,0.9099999999999999,0.7,0.64,0.4000000000000001,0.925,91.73194052252035,78.05762110782125,0.7942019992284969,0.7142499999999999,0,,0.62,0.24,0.36,0.775,0.0131578947368421,0.5233644859813084,0.2149532710280373,0.6055045871559633,55,2.485800200467758,10.384229869695956,1977.99022283996,5.933845639826261,1.708,1.241,0.46699999999999986,0.5989753112511711,0.1962616822429906,0.1473684210526315,0.085,0.138,0.0278745678084988,-0.5711007434426723,0.924181151840469,62.091503267973856,47.22222222222222,68.4640522875817,53.75816993464052,3.0,1.292,1.759,-1.3100000000000007,1.7039,0.4845,0.2505,0.265,-0.7039,Ergebnis leicht schlechter als die Leistung,0.3903,1:1 12.4% | 2:1 11.3% | 1:0 8.1% | 1:2 7.9% | 2:0 7.4%,0.250;0.220;0.220;0.125;0.125;0.125;0.125;0.070;0.070;0.065;0.065;0.050;0.043;0.043;0.043;0.030;0.010;0.010;0.005;0.005
5717599,2448,Bochum,2488,Elversberg,2BL,2025/26,2BL 2025/26,2026-01-25 12:30:00+00:00,19,False,1,1,1,0,0,54.55,0,0.2775510204081632,-0.93875645741064,-0.93875645741064,-1.1038703386741726,245,0.9760956175298805,0.3261763208406401,-1.1608550380957008,33.67483638493872,0.1666666666666666,-1.244129512535997,-1.244129512535997,-1.244129512535997,6,0.5,0.2594684915722877,-1.2497574476300777,10.600644159312564,0.0,-1.749859643786798,-1.749859643786798,-1.749859643786798,0,0.0,0.0493059269057831,-1.791183441202398,0.0,0.0013764410118359,-0.69179651192911,-0.69179651192911,-0.5366213191458393,0,0.0,0.0124678308817258,-0.9290003478609692,54.73982598558541,0.0416666666666666,-1.0216632295578154,-1.0216632295578154,-1.0216632295578154,3,0.3333333333333333,0.0752785473909212,-0.6659935367786131,13.332336014175882,0.0277777777777777,-0.6520811505847427,-0.6520811505847427,-0.6520811505847427,1.9999999999999996,0.24999999999999994,0.0459868930900667,-0.5811663352290408,28.22591709025774,13.8,0.5121461030369954,-0.5121461030369954,-0.977915197272362,72,0.9230769230769231,12.445449451777236,0.3099494240311563,36.87086458215385,0.1649862511457378,-0.8191234354441375,-0.8191234354441375,-0.8191234354441375,9,0.6,0.2556828057760923,-0.8383346243705332,23.508299067980314,0.6517857142857143,1.3031685922264362,-1.3031685922264362,-1.3031685922264362,73,0.9240506329113924,0.4963538420098271,1.248422088753892,12.821814072595936,0.3130434782608695,-0.4383978098883878,-0.4383978098883878,-0.4383978098883878,35.99999999999999,0.8571428571428571,0.3235584585609961,-0.1652385726003601,36.8540705479666,0.0695652173913043,0.5258016560007045,-0.5258016560007045,-0.5258016560007045,115,0.9504132231404959,0.0596885785175256,0.3314359373991883,33.20709940142465,0.2434782608695652,-2.0829954904290875,-2.0829954904290875,-2.0829954904290875,115,0.9504132231404959,0.4317498096136897,-1.957390805655407,0.0,133.10282988084327,-0.8959404215369761,-0.8959404215369761,-1.8196751195659504,980.0,0.9939148073022313,166.3631570486471,-1.1709510253902071,22.699933078861022,6.837763519706692,1.9248740757774847,1.9248740757774847,-1.68902592670783,980.0,0.9939148073022313,6.025963484804554,0.7867276724105692,8.973900343346818,33.3469252,0.5255856688217161,0.5255856688217161,0.5255856688217161,980.0,0.9939148073022313,33.27610264421214,0.1010376005485211,66.48318984883016,14.265638541463018,12.58763413736074,0.0,17.16997169451461,15.676463180052007,24.979251499325738,24.703758039614037,15.49641819048795,30.967336382227398,28.841635813923336,0.8102921129503409,0.9131050767414404,0.5166334661354581,0.20416666666666666,0.9939148073022313,0.9099999999999999,0.7,0.64,0.4000000000000001,0.925,0.0,11.869400278748625,0.6784412912416329,0.7142499999999999,0,,0.7,0.0,0.125,0.7971014492753623,0.0,0.3258426966292135,0.1011235955056179,0.2434782608695652,35,2.713107241063245,11.090742438130157,2021.2345136021995,7.186067827681027,1.189,2.149,-0.96,-0.6768449919222042,0.0674157303370786,0.2321428571428571,0.17,0.113,-0.3617345621000243,0.3151104298221799,-1.3860959394989714,21.895424836601308,32.84313725490196,27.450980392156865,7.516339869281046,1.0,-0.18900000000000006,-1.149,0.4499999999999993,0.7594,0.1803,0.2186,0.6012,0.2406,Ergebnis entspricht klar der Leistung,0.7105,1:2 12.3% | 1:1 10.2% | 1:3 8.9% | 2:2 7.8% | 0:2 7.1%,0.355;0.355;0.300;0.150;0.020;0.010;0.000
5717606,2448,Bochum,2449,Schalke 04,2BL,2025/26,2BL 2025/26,2026-01-31 12:00:00+00:00,20,True,2,0,3,0,0,51.833333333333336,0,0.3033707865168539,-0.3223488403235645,-0.3223488403235645,-0.4874627215870971,267,0.978021978021978,0.3228500088771758,-0.465036785666072,69.03989994762738,0.238095238095238,-0.2822045804862286,-0.2822045804862286,-0.2822045804862286,10,0.625,0.2302301126760746,0.1059192432814821,41.44739031278129,0.018348623853211,-1.0832916817337817,-1.0832916817337817,-1.0832916817337817,2,0.25,0.0436934992187023,-0.9207274646870484,11.936600172094325,0.0465056458635838,3.088166819788004,3.088166819788004,-3.2433420125712744,5,0.45454545454545453,0.0106971209657602,2.999275336698291,0.0,0.0714285714285714,-0.4319540021492455,-0.4319540021492455,-0.4319540021492455,7,0.5384615384615384,0.0548332220941492,0.3288240693218013,38.65043782632468,0.010204081632653,-1.2129673007316475,-1.2129673007316475,-1.2129673007316475,0.9999999999999998,0.14285714285714282,0.0525651717925751,-1.3520063496953163,5.4145395830629806,12.5,0.2146789824713048,-0.2146789824713048,-0.6804480767066713,98,0.9423076923076923,10.28393071485221,0.5070828840207547,44.99349907960594,0.135048231511254,-1.0958492553715102,-1.0958492553715102,-1.0958492553715102,7,0.5384615384615384,0.2854172230245536,-1.3899043081741054,13.371822147563732,0.6146788990825688,1.0051282542660849,-1.0051282542660849,-1.0051282542660849,67,0.9178082191780822,0.464163704880265,1.2089315427000007,20.67945546358859,0.362962962962963,0.3460662748441469,0.3460662748441469,0.3460662748441469,49.0,0.8909090909090909,0.3789312044822729,-0.250934320395904,62.42995245778918,0.0518518518518518,-0.0686157350865967,0.0686157350865967,0.0686157350865967,135,0.9574468085106383,0.0513925015345432,0.0154146774988365,48.41192344315232,0.2888888888888888,-1.6108777097182845,-1.6108777097182845,-1.6108777097182845,135,0.9574468085106383,0.4561448730525811,-1.7388996254436702,0.0,177.4017934533762,0.6636328369363544,0.6636328369363544,-0.2601018610926199,999.0,0.9940298507462687,173.52104177339643,0.1366243373383247,92.63662084929607,5.286173633440514,0.4212048872129363,0.4212048872129363,-0.1853567381432816,999.0,0.9940298507462687,5.464038874242956,-0.1723718907158202,96.01471289040697,33.8577228,1.2543049771806367,1.2543049771806367,1.2543049771806367,999.0,0.9940298507462687,33.37978022289827,0.681847338791048,90.44003475510016,16.236996496556067,33.46477940832048,34.785712769705086,0.0,100.0,26.63169906858596,39.495558016061366,42.251531642771326,15.422742093285683,93.2698065401359,0.7936116965226554,0.9308317214700194,0.6360576923076922,0.37482517482517486,0.9940298507462687,0.9099999999999999,0.7,0.64,0.4000000000000001,0.925,23.542220598971294,32.70934755974413,0.7358503194631814,0.7142499999999999,0,,0.7241379310344828,0.1818181818181818,0.6363636363636364,0.8433734939759037,0.0,0.3119266055045872,0.0825688073394495,0.2888888888888888,38,3.800643086816721,12.07717041800643,2117.069564643087,7.736334405144694,0.8973,0.7047,0.1926,0.1460154311080637,0.091743119266055,0.1009174311926605,0.09,0.07,-0.5558011592939741,-0.7018165904020378,-0.4792452752554927,46.568627450980394,23.692810457516337,72.7124183006536,42.3202614379085,2.0,1.1027,-0.7047,0.11,1.4887,0.3794,0.3506,0.27,1.5113,Ergebnis deutlich besser als die Leistung,0.925,1:0 18.4% | 0:0 17.8% | 1:1 15.0% | 0:1 14.4% | 2:0 8.1%,0.210;0.160;0.150;0.070;0.057;0.057;0.057;0.057;0.050;0.030
5717622,2448,Bochum,2498,Preußen Münster,2BL,2025/26,2BL 2025/26,2026-02-06 17:30:00+00:00,21,False,1,1,1,0,0,45.35,0,0.2756756756756757,-0.9835274585460972,-0.9835274585460972,-1.1486413398096298,370,0.9840425531914894,0.3166610311949558,-0.9784629816070486,31.861070336670327,0.265625,0.0885373204079544,0.0885373204079544,0.0885373204079544,17,0.7391304347826086,0.2511795603694883,0.1945359994901261,53.61843768808968,0.079646017699115,1.1435172180451014,1.1435172180451014,1.1435172180451014,9,0.6,0.0513091149981169,1.02942169589429,93.89168210579768,0.0105247268395681,0.0744519759512552,0.0744519759512552,-0.2296271687345257,1,0.14285714285714285,0.0117474468812412,-0.1024134357709854,89.90524985858812,0.0319148936170212,-1.2148871040704108,-1.2148871040704108,-1.2148871040704108,3,0.3333333333333333,0.0725700124654731,-0.8055498772044907,5.036617548067545,0.0106382978723404,-1.1991087548117505,-1.1991087548117505,-1.1991087548117505,1.0,0.14285714285714285,0.0488367385971427,-1.2191502676966943,5.978170049953212,11.8,0.0545043790897793,-0.0545043790897793,-0.5202734733251458,94,0.94,13.214579482754354,-0.3236852965740318,49.36722534746476,0.2205071664829107,-0.3059274723383993,-0.3059274723383993,-0.3059274723383993,10,0.625,0.2981906833402269,-0.7180513327081121,42.30668599493043,0.375,-0.9199623171952565,0.9199623171952565,0.9199623171952565,39,0.8666666666666667,0.5030527602555532,-1.0285142428522334,83.71329174733584,0.4615384615384615,1.8951395220653613,1.8951395220653613,1.8951395220653613,59.99999999999999,0.909090909090909,0.3489347544653023,1.7695207499393872,100.0,0.0153846153846153,-1.2923673430313638,1.2923673430313638,1.2923673430313638,130,0.9558823529411765,0.0568036562447317,-1.389922098912986,100.0,0.3538461538461538,-0.9355406551499656,-0.9355406551499656,-0.9355406551499656,130,0.9558823529411765,0.4543911774004964,-1.0453300351140733,21.200362571110077,171.4981169570011,0.45579014157964,0.45579014157964,-0.4679445564493343,971.0,0.9938587512794268,167.21394335254234,0.1508270634194686,81.22421719474335,5.953693495038588,1.068108464971695,1.068108464971695,-0.8322603159020402,971.0,0.9938587512794268,5.42471122193995,0.512644708757018,46.247267210387186,33.3619192,0.5469765628069949,0.5469765628069949,0.5469765628069949,971.0,0.9938587512794268,33.06593764694031,0.4222562373681039,67.1864212902556,53.91192145483786,87.01670433096916,61.80989871738107,16.940731480170136,69.7254861646484,57.19985649403907,76.36010877133302,58.0853324404053,30.826750616883704,65.47283572409675,0.80775,0.9371657754010695,0.7831105457909342,0.20952380952380953,0.9938587512794268,0.9099999999999999,0.7,0.64,0.4000000000000001,0.925,59.03144311730699,57.0902701941108,0.7369763388350767,0.7142499999999999,0,,0.78125,0.45,0.25,0.7647058823529411,0.0,0.6017699115044248,0.0973451327433628,0.3538461538461538,56,3.50606394707828,13.142227122381476,2298.476315942668,7.056229327453142,1.655,1.333,0.32200000000000006,0.45466121170182305,0.1504424778761062,0.125,0.11,0.148,0.1804834270402483,-0.2741777846615748,0.2219005858796138,56.5359477124183,52.614379084967325,50.326797385620914,48.20261437908497,1.0,-0.655,-0.33299999999999996,-0.7000000000000002,1.6002,0.4491,0.2529,0.298,-0.6002,Ergebnis leicht schlechter als die Leistung,0.4245,1:1 12.2% | 2:1 10.8% | 1:2 8.6% | 2:2 7.6% | 1:0 7.3%,0.205;0.205;0.160;0.160;0.140;0.140;0.140;0.120;0.120;0.075;0.075;0.060;0.060;0.000;0.000
5717624,2448,Bochum,2491,Paderborn,2BL,2025/26,2BL 2025/26,2026-02-15 12:30:00+00:00,22,True,0,0,1,0,0,50.9,0,0.2784810126582278,-0.9165543079272334,-0.9165543079272334,-1.081668189190766,316,0.9813664596273292,0.3087554947848006,-0.7227571817509523,34.574291476634016,0.3636363636363636,1.4084513606921538,1.4084513606921538,1.4084513606921538,24,0.8,0.261295522036004,1.3782188994327884,99.52529774249282,0.0576923076923076,0.3459838522837422,0.3459838522837422,0.3459838522837422,6,0.5,0.0475617386526064,0.3680228453780885,66.61252744163846,0.0205400101455749,0.9133190416978834,0.9133190416978834,-1.068494234481154,2,0.25,0.0124082509362913,0.6811055442793641,34.6758862009137,0.1538461538461538,1.2010869352898688,1.2010869352898688,1.2010869352898688,14,0.7,0.0762792099981013,1.5369292689770506,96.13033148937879,0.0549450549450549,0.2149959500145689,0.2149959500145689,0.2149959500145689,5.0,0.45454545454545453,0.055085499335631,-0.0044824556478866,59.64176356068161,8.3,-0.7463686378178487,0.7463686378178487,-0.2805995435824822,91,0.9381443298969072,13.080284770951904,-1.0938288817685258,75.5971218275618,0.2554027504911591,0.0166225565019958,0.0166225565019958,0.0166225565019958,13,0.6842105263157895,0.2750455894876443,-0.1815644719780562,52.89023313731624,0.3669724770642202,-0.984439034899703,0.984439034899703,0.984439034899703,40,0.8695652173913043,0.5247395323878213,-1.2671781781927116,86.38712096291378,0.3387096774193548,-0.0350640905685693,-0.0350640905685693,-0.0350640905685693,42.0,0.875,0.3414416655351689,-0.0429320648953411,50.06281749079858,0.0403225806451612,-0.4555099871447405,0.4555099871447405,0.4555099871447405,124,0.9538461538461539,0.0551138927070797,-0.4963603956019018,64.01009261321344,0.4435483870967742,-0.0029391665939282,-0.0029391665939282,-0.0029391665939282,124,0.9538461538461539,0.4464410895517964,-0.0300743751603838,50.99289381449447,188.79741770137525,1.0648230546643624,1.0648230546643624,-0.1410883566353881,992.0,0.9939879759519038,155.7743509363837,1.1625981216272376,99.17151566904303,5.284872298624754,0.4199437439921764,0.4199437439921764,-0.1840955949225216,992.0,0.9939879759519038,5.233924297534451,0.0493744771969332,96.11822103393618,33.4642262,0.6929308239082095,0.6929308239082095,0.6929308239082095,992.0,0.9939879759519038,33.01775092247694,0.6369551372910935,71.98470720981688,77.529246192821,54.87930448500887,79.0521784094822,73.07433167727595,100.0,70.88671052658145,54.5260229246318,66.91861445918593,64.92299912779525,91.30616043194908,0.8286937648918351,0.9223076923076923,0.7734782608695652,0.47909090909090907,0.9939879759519038,0.9099999999999999,0.7,0.64,0.4000000000000001,0.925,88.18520127164737,75.78347446255866,0.7912470100693776,0.7142499999999999,0,,0.5957446808510638,0.375,0.25,0.7804878048780488,0.0151515151515151,0.5288461538461539,0.2211538461538461,0.4435483870967742,44,4.027504911591356,12.986247544204325,2153.702545383104,7.426326129666012,2.8,0.6179,2.1820999999999997,2.903251491401093,0.2307692307692307,0.1009174311926605,0.14,0.103,1.6249324286670574,-1.278319062734036,1.712040657380497,98.0392156862745,91.17647058823529,94.6078431372549,94.28104575163398,0.0,-2.8,-0.6179,0.6500000000000001,2.6452,0.8452,0.1098,0.0451,-1.6452,Ergebnis deutlich schlechter als die Leistung,0.1,2:0 12.8% | 3:0 12.7% | 2:1 9.2% | 3:1 9.1% | 4:0 8.7%,0.390;0.300;0.190;0.177;0.177;0.177;0.177;0.142;0.142;0.142;0.142;0.142;0.080;0.080;0.070;0.070;0.070;0.050;0.040;0.040
5717633,2448,Bochum,2458,Nürnberg,2BL,2025/26,2BL 2025/26,2026-02-20 17:30:00+00:00,23,True,1,1,1,0,0,55.583333333333336,0,0.2564766839378238,-1.4418741646233606,-1.4418741646233606,-1.6069880458868933,386,0.9846938775510204,0.313975510285895,-1.3726969634550046,13.292495305181768,0.1875,-0.9635680740214804,-0.9635680740214804,-0.9635680740214804,12,0.6666666666666666,0.2786085766357696,-1.2269545594531943,19.597611787407633,0.0714285714285714,0.8449942084910168,0.8449942084910168,0.8449942084910168,7,0.5384615384615384,0.0565966670071376,0.5388127405440328,83.68088002774036,0.0011562104499422,-0.7102427365239447,-0.7102427365239447,-0.555067543740674,0,0.0,0.0124922916584625,-0.9494953752085564,52.62685638709346,0.0568181818181818,-0.7214476228770883,-0.7214476228770883,-0.7214476228770883,5,0.45454545454545453,0.0834331360105725,-0.5273548248967888,26.221551482178935,0.0454545454545454,-0.0879053455982651,-0.0879053455982651,-0.0879053455982651,4.0,0.4,0.056299440636944,-0.3461281825616264,50.8370052439316,8.2,-0.7692507240152098,0.7692507240152098,-0.3034816297798433,88,0.9361702127659575,10.238231677964077,-0.4663899294536536,72.8917439371195,0.2158920539730134,-0.3485862991061981,-0.3485862991061981,-0.3485862991061981,12,0.6666666666666666,0.2885081237533994,-0.6712114460214573,40.74409160783157,0.6330275229357798,1.152503609019106,-1.152503609019106,-1.152503609019106,69,0.92,0.4795441897466404,1.2327715069196945,16.793999234929977,0.3504273504273504,0.1490743012090783,0.1490743012090783,0.1490743012090783,41.0,0.8723404255319149,0.3472293016622589,0.0502560155099578,56.03784480527868,0.0512820512820512,-0.0877368539607349,0.0877368539607349,0.0877368539607349,117,0.9512195121951219,0.04806575162697,0.1079311803095887,48.901029671068066,0.4273504273504273,-0.1713434618226586,-0.1713434618226586,-0.1713434618226586,117,0.9512195121951219,0.4823754795886537,-0.5720754519218032,45.62341125526818,163.47763477061469,0.1734239521885699,0.1734239521885699,-0.7503107458404044,984.0,0.9939393939393939,162.36640255534638,0.0391216386823343,65.71981408739269,4.8215892053973,-0.0290308974611724,-0.0290308974611724,-0.2648790465308273,984.0,0.9939393939393939,5.449850549575271,-0.608857555703671,89.48793117770623,32.474719,-0.7187300813117365,-0.7187300813117365,-0.7187300813117365,984.0,0.9939393939393939,33.471277158180456,-1.4217200154595604,28.074309960106937,37.924463004942304,49.38101233785376,26.0216503937812,36.39681686143377,68.26044837842143,44.810742211211874,50.77247020001235,36.6158014907284,42.75855177026673,64.62727903718098,0.8369929078014184,0.9196678775298393,0.7395146520146519,0.29909090909090913,0.9939393939393939,0.9099999999999999,0.7,0.64,0.4000000000000001,0.925,36.87887972361431,42.080078926612536,0.7499938237683438,0.7142499999999999,0,,0.7837837837837838,0.28,0.2,0.7333333333333334,0.0,0.4387755102040816,0.1836734693877551,0.4273504273504273,45,2.968515742128935,11.784107946026984,2016.7791886056973,6.530734632683658,1.201,1.22,-0.018999999999999906,-0.36779011510273946,0.1224489795918367,0.1559633027522936,0.245,0.136,-0.500339260873709,-0.1325491457709695,-0.7808947826939338,30.392156862745097,26.307189542483663,45.26143790849673,33.49673202614379,0.0,-1.201,-0.21999999999999997,0.15999999999999925,1.9503,0.5712,0.2368,0.192,-0.9503,Ergebnis deutlich schlechter als die Leistung,0.3104,2:1 13.9% | 1:1 11.4% | 2:0 9.3% | 2:2 8.8% | 3:1 8.0%,0.760;0.212;0.212;0.212;0.212;0.200;0.140;0.010
5717644,2448,Bochum,2502,Fortuna Düsseldorf,2BL,2025/26,2BL 2025/26,2026-02-27 17:30:00+00:00,24,False,1,2,0,0,0,53.166666666666664,0,0.3094462540716612,-0.1773062995668494,-0.1773062995668494,-0.342420180830382,307,0.9808306709265175,0.3189820181568751,-0.2276518537049319,81.97857441299001,0.2448979591836734,-0.1905926821957739,-0.1905926821957739,-0.1905926821957739,12,0.6666666666666666,0.2612524698921922,-0.2202453624279881,44.385175660730695,0.0970873786407767,1.777126174843243,1.777126174843243,1.777126174843243,10,0.625,0.0443746400211941,1.9149459401959243,100.0,0.0013764410118359,-0.69179651192911,-0.69179651192911,-0.5366213191458393,0,0.0,0.0117683000678477,-0.8704085593605528,54.73982598558541,0.0833333333333333,-0.1960703111858179,-0.1960703111858179,-0.1960703111858179,6,0.5,0.0815136776437167,0.0360550764293464,48.77767855118419,0.0416666666666666,-0.2088001609525105,-0.2088001609525105,-0.2088001609525105,3.0,0.3333333333333333,0.0454692557066281,-0.1213643111615162,46.254263829814924,14.9,0.7638490512079641,-0.7638490512079641,-1.2296181454433306,72,0.9230769230769231,12.342891502492463,0.5851197705597122,29.99786616123285,0.1128526645768025,-1.301009333882992,-1.301009333882992,-1.301009333882992,6,0.5,0.2267187286219492,-1.052497136400494,5.856800956666963,0.4464285714285714,-0.346251114763852,0.346251114763852,0.346251114763852,50,0.8928571428571429,0.5741785579881076,-1.0260823775953416,59.92166852300954,0.2947368421052631,-0.7260790362079584,-0.7260790362079584,-0.7260790362079584,28.0,0.8235294117647058,0.3443921333729349,-0.780312394025735,27.432402036812785,0.0947368421052631,1.3705000538616066,-1.3705000538616066,-1.3705000538616066,95,0.9405940594059405,0.0560948841554476,1.296729962461131,11.600244184232707,0.4421052631578947,-0.0179428012281923,-0.0179428012281923,-0.0179428012281923,95,0.9405940594059405,0.4346733527483071,0.0772668690581189,50.51938391629766,175.32532397492167,0.5905294049490273,0.5905294049490273,-0.333205293079947,993.0,0.993993993993994,161.33551528009363,0.4925201352823429,88.62259537228493,5.172413793103448,0.3109585081117497,0.3109585081117497,-0.0751103590420949,993.0,0.993993993993994,5.028469207341696,0.1394988716970166,100.0,32.3351348,-0.917865123609968,-0.917865123609968,-0.917865123609968,993.0,0.993993993993994,33.090077679950426,-1.0770243504040946,22.19734613357431,20.88243266131761,19.51067946130975,93.3185197288,47.688082731955376,87.96236198007071,30.525634048167795,29.608849244884226,74.22731252580225,49.683127629025314,75.99837468230756,0.7659340659340659,0.8937682003494467,0.7641240681576145,0.2916666666666667,0.993993993993994,0.9099999999999999,0.7,0.64,0.4000000000000001,0.925,48.88853603397234,50.518418846753036,0.7304944026173612,0.7142499999999999,0,,0.8529411764705882,0.5882352941176471,0.2941176470588235,0.7804878048780488,0.0,0.4951456310679611,0.145631067961165,0.4421052631578947,41,3.517241379310345,12.225705329153604,2084.6760155924767,6.432601880877743,0.7642,1.682,-0.9178,-0.935929104101888,0.116504854368932,0.1964285714285714,0.085,0.099,-0.727481499804657,0.208447604297231,-0.6335888174646582,17.483660130718953,16.666666666666664,32.35294117647059,8.333333333333332,1.0,0.2358,0.31800000000000006,1.2799999999999994,0.6879,0.1499,0.2383,0.6118,-0.6879,Ergebnis leicht schlechter als die Leistung,0.4729,0:1 14.3% | 0:2 13.0% | 1:1 12.3% | 1:2 11.1% | 0:0 7.1%,0.155;0.155;0.150;0.080;0.080;0.070;0.060;0.000;0.000
5717651,2448,Bochum,2456,Kaiserslautern,2BL,2025/26,2BL 2025/26,2026-03-07 19:30:00+00:00,25,True,3,2,3,0,0,49.416666666666664,0,0.297029702970297,-0.4737325586047134,-0.4737325586047134,-0.6388464398682461,404,0.9853658536585366,0.3379368396225574,-0.9765956252093196,55.535553981423185,0.2461538461538461,-0.1736797163575359,-0.1736797163575359,-0.1736797163575359,16,0.7272727272727273,0.2815941966162034,-0.4772733939445229,44.92753603265984,0.05,0.0665380528076731,0.0665380528076731,0.0665380528076731,5,0.45454545454545453,0.0539356007694568,-0.142972323447135,57.05424999342157,0.0011678893433759,-0.7092645276439201,-0.7092645276439201,-0.5540893348606495,0,0.0,0.0126700720976391,-0.9634078240166468,52.738907805194785,0.057471264367816,-0.7085072950029205,-0.7085072950029205,-0.7085072950029205,5,0.45454545454545453,0.1018624619672623,-0.8795774010277178,26.77712111442038,0.0459770114942528,-0.0712301986528528,-0.0712301986528528,-0.0712301986528528,4.000000000000001,0.4000000000000001,0.0553838693157329,-0.3002314495993499,51.32171970662017,9.2,-0.5404298620416018,0.5404298620416018,-0.0746607678062353,87,0.9354838709677419,10.68883978203109,-0.3406776022649529,99.9455228415423,0.2630691399662732,0.0874852234146697,0.0874852234146697,0.0874852234146697,13,0.6842105263157895,0.2633795760797847,-0.0028694512561413,54.71039821778151,0.4948453608247423,0.0426304477089817,-0.0426304477089817,-0.0426304477089817,48,0.8888888888888888,0.4816835026004052,0.1057154771136248,46.05508969920955,0.3904761904761905,0.7784252819133214,0.7784252819133214,0.7784252819133214,41.0,0.8723404255319149,0.3600401030513384,0.4782905434032797,76.4593835392732,0.0285714285714285,-0.8498500205156222,0.8498500205156222,0.8498500205156222,105,0.9459459459459459,0.0500243482899993,-0.7199077183788749,81.0192382900113,0.5714285714285714,1.3265845915431604,1.3265845915431604,1.3265845915431604,105,0.9459459459459459,0.4546254696245683,1.2143593605527354,92.95223731437102,177.9895351568297,0.6843246583622622,0.6843246583622622,-0.2394100396667121,994.0,0.994,175.23875396068317,0.0968430059632683,93.77278499523874,5.382799325463744,0.5148463044489684,0.5148463044489684,-0.2789981553793136,994.0,0.994,5.230154382917239,0.1479305188368635,88.32910740484951,33.379790400000005,0.5724721573507935,0.5724721573507935,0.5724721573507935,994.0,0.994,33.17561237981673,0.2912865402070272,68.02459587582331,72.4550800943789,96.4590152149685,50.474870234657295,37.04533372388689,100.0,67.9460992805262,82.77519609702398,52.278356502955525,43.15626662892263,85.43045055874865,0.8335597057159025,0.9165037377803336,0.7357871396895787,0.29909090909090913,0.994,0.9099999999999999,0.7,0.64,0.4000000000000001,0.925,79.02437956180344,69.90961385829726,0.7477662837411398,0.7142499999999999,0,,0.6666666666666666,0.3333333333333333,0.4,0.6582278481012658,0.0307692307692307,0.7,0.2,0.5714285714285714,58,3.561551433389545,12.445193929173694,2143.4595626306914,7.204047217537943,1.665,1.452,0.21300000000000008,-0.2594013072734248,0.16,0.134020618556701,0.104,0.161,-0.1531075022740158,0.106293804999409,-0.025137834382267,33.98692810457516,39.705882352941174,35.947712418300654,43.4640522875817,3.0,1.335,0.548,-0.97,1.4902,0.4073,0.2682,0.3244,1.5098,Ergebnis deutlich besser als die Leistung,0.7031,1:1 14.0% | 2:1 12.5% | 1:2 10.0% | 2:2 8.9% | 0:1 7.0%,0.260;0.260;0.200;0.120;0.113;0.113;0.113;0.113;0.100;0.090;0.050;0.040;0.030;0.030;0.030;0.000
5717663,2448,Bochum,2457,Hertha BSC,2BL,2025/26,2BL 2025/26,2026-03-14 19:30:00+00:00,26,False,1,1,1,0,0,54.2,0,0.327027027027027,0.2424078960748506,0.2424078960748506,-0.077294014811318,370,0.9840425531914894,0.3257697326549836,0.0300159894782088,100.0,0.2857142857142857,0.3590787075469517,0.3590787075469517,0.3590787075469517,14,0.7,0.2719421603606857,0.1854685104291954,63.027918320358644,0.0520833333333333,0.1422212901657748,0.1422212901657748,0.1422212901657748,5,0.45454545454545453,0.0490166961774489,0.1114046533247868,59.64295013564697,0.0011798065815736,-0.7082663553173608,-0.7082663553173608,-0.5530911625340902,0,0.0,0.0124072105489791,-0.9403927112516904,52.85324598693124,0.0930232558139534,-0.0040719580760522,-0.0040719580760522,-0.0040719580760522,8,0.5714285714285714,0.0834711091900137,0.189268430591414,55.51156191182837,0.0116279069767441,-1.1675241617850125,-1.1675241617850125,-1.1675241617850125,1.0,0.14285714285714285,0.0513726233179648,-1.2685015578519852,7.262723207051715,14.3,0.6265565340237994,-0.6265565340237994,-1.0923256282591658,86,0.9347826086956522,12.903477728302516,0.3195534299751593,33.74677439082612,0.2029520295202952,-0.4681947074203587,-0.4681947074203587,-0.4681947074203587,11,0.6470588235294118,0.2397397600534896,-0.3400396893099642,36.362831230023495,0.5454545454545454,0.449121234061504,-0.449121234061504,-0.449121234061504,54,0.9,0.5527165253483469,-0.0583279090366776,35.33822214443701,0.3611111111111111,0.316965187829875,0.316965187829875,0.316965187829875,39.0,0.8666666666666667,0.3340479453711487,0.4252864721833592,61.48566382730466,0.0462962962962962,-0.2550466441094339,0.2550466441094339,0.2550466441094339,108,0.9473684210526315,0.0543547897726722,-0.2704234075479677,55.363468086155706,0.4722222222222222,0.2951722666620355,0.2951722666620355,0.2951722666620355,108,0.9473684210526315,0.4425497240907114,0.3084941692511521,60.40119505971203,140.0322617527675,-0.651985354141978,-0.651985354141978,-1.5757200521709525,1009.0,0.994088669950739,168.0159643962329,-0.985184094529882,31.204851060836965,4.612546125461255,-0.2316177028823466,-0.2316177028823466,-0.4674658519520013,1009.0,0.994088669950739,5.196607337315427,-0.5660225400245538,72.8606490518712,33.338376800000006,0.5133902627830583,0.5133902627830583,0.5133902627830583,1009.0,0.994088669950739,33.18172991004897,0.2234771919478365,66.08226256765923,26.387133280125244,61.94091108920094,94.73436752308643,28.355348104855004,50.720078393571036,35.13982861062846,59.32366447468218,74.95265645281961,37.82697358768741,54.503733234404514,0.8236445012787724,0.9150877192982456,0.7257785299806576,0.25,0.994088669950739,0.9099999999999999,0.7,0.64,0.4000000000000001,0.925,49.874121587263176,51.21092042249545,0.7331976756680847,0.7142499999999999,0,,0.8928571428571429,0.4166666666666667,0.4166666666666667,0.7205882352941176,0.0,0.5520833333333334,0.15625,0.4722222222222222,50,2.8413284132841325,9.96309963099631,1884.8357850738007,5.461254612546125,0.6943,1.114,-0.4197000000000001,-0.3440900372686887,0.1458333333333333,0.1111111111111111,0.087,0.17,-0.9668688400388844,-0.6227788027701957,-0.0857571424540225,31.372549019607842,10.620915032679738,71.07843137254902,19.607843137254903,1.0,0.30569999999999997,-0.1140000000000001,-0.14,0.4577,0.0823,0.2107,0.707,0.5423,Ergebnis leicht besser als die Leistung,0.8123,0:2 16.0% | 1:2 15.6% | 0:1 14.2% | 1:1 13.8% | 0:3 8.3%,0.400;0.090;0.050;0.050;0.050;0.040;0.010;0.000
5717669,2448,Bochum,2496,Holstein Kiel,2BL,2025/26,2BL 2025/26,2026-03-22 12:30:00+00:00,27,True,2,3,0,1,1,50.333333333333336,0,0.2901960784313726,-0.6368749434107618,-0.6368749434107618,-0.8019888246742943,255,0.9770114942528736,0.3116798113052846,-0.512891423229663,45.90468219598549,0.3442622950819672,1.1475417666041394,1.1475417666041394,1.1475417666041394,21,0.7777777777777778,0.2797603279648321,0.8686447047071721,90.45081269491303,0.0495049504950495,0.0485539171978266,0.0485539171978266,0.0485539171978266,5,0.45454545454545453,0.0641535813216158,-0.532154785832756,56.439113325962055,0.0012846782777135,-0.6994824388436264,-0.6994824388436264,-0.5443072460603557,0,0.0,0.011240708758114,-0.8339041263634034,53.85942198621354,0.1025641025641025,0.1849725742166416,0.1849725742166416,0.1849725742166416,8,0.5714285714285714,0.0839866788993959,0.3680973460602733,61.88313361026766,0.0897435897435897,1.3256340339282924,1.3256340339282924,1.3256340339282924,7.0,0.5384615384615384,0.0601885336002155,0.943286006582718,91.92587738876497,13.0,0.3290894134581088,-0.3290894134581088,-0.7948585076934753,78,0.9285714285714286,10.923098782486829,0.4752383268253998,41.869408888278215,0.23841059602649,-0.1404408676649115,-0.1404408676649115,-0.1404408676649115,12,0.6666666666666666,0.3373865095916203,-0.9148631462190472,48.36846638590068,0.4183673469387755,-0.5716376585761896,0.5716376585761896,0.5716376585761896,41,0.8723404255319149,0.4790952592828713,-0.4877639705691218,69.26837764685203,0.3,-0.6433706836410807,-0.6433706836410807,-0.6433706836410807,33.0,0.8461538461538461,0.3625254316092579,-0.9825613339675796,30.141131733769544,0.0454545454545454,-0.2832937515371347,0.2832937515371347,0.2832937515371347,110,0.9482758620689655,0.0472570297553857,-0.0604869816069111,56.5818560876956,0.5727272727272728,1.3400867165234231,1.3400867165234231,1.3400867165234231,110,0.9482758620689655,0.4948290640927771,0.8098793385155427,93.37836004934113,152.8644422384106,-0.2002202580908161,-0.2002202580908161,-1.1239549561197903,979.0,0.9939086294416244,171.080066732267,-0.6412926749515351,46.954575508304615,7.172185430463576,2.248967399430242,2.248967399430242,-2.0131192503605875,979.0,0.9939086294416244,6.144024553001273,0.9964062320926558,0.0,32.810372,-0.2398773576329273,-0.2398773576329273,-0.2398773576329273,979.0,0.9939086294416244,33.33936685037447,-0.7546800562303244,42.206429062893186,46.9351699004593,58.58625465729087,74.63593531820658,81.5347494212256,16.345085474404083,52.36376964001822,57.044517534618834,64.6561572096031,69.9909804455255,29.333437469045144,0.8200354609929078,0.9074270557029178,0.7505398815743644,0.38846153846153847,0.9939086294416244,0.9099999999999999,0.7,0.64,0.4000000000000001,0.925,59.10423389173615,57.136943175620054,0.7633808548122347,0.7142499999999999,0,UNTERZAHL;UEBERZAHL,0.574468085106383,0.2631578947368421,0.2105263157894736,0.7534246575342466,0.0163934426229508,0.4554455445544554,0.1188118811881188,0.5727272727272728,45,3.615894039735099,12.357615894039734,2065.251963437086,7.927152317880794,2.489,1.738,0.7509999999999999,0.18835203982344262,0.2079207920792079,0.1020408163265306,0.124,0.174,0.948623285501068,0.7602712456776254,0.906097071309532,48.529411764705884,78.43137254901961,16.33986928104575,63.56209150326797,2.0,-0.4889999999999999,1.262,-0.9199999999999999,1.8735,0.5558,0.206,0.2382,-1.8735,Ergebnis deutlich schlechter als die Leistung,0.1687,2:1 9.1% | 2:2 8.8% | 3:1 7.9% | 3:2 7.6% | 1:1 6.0%,0.600;0.207;0.207;0.207;0.207;0.180;0.135;0.135;0.120;0.110;0.070;0.070;0.070;0.050;0.050;0.017;0.017;0.017;0.010;0.010
5717684,2448,Bochum,2526,Magdeburg,2BL,2025/26,2BL 2025/26,2026-04-04 11:00:00+00:00,28,False,1,4,0,0,0,54.4,0,0.2795389048991354,-0.8912987408315541,-0.8912987408315541,-1.056412622095087,347,0.9830028328611898,0.3313695492157352,-1.2373777446624268,35.597446844308585,0.3958333333333333,1.842046311123679,1.842046311123679,1.842046311123679,19,0.76,0.2710254800550834,1.6807810009754127,100.0,0.0864197530864197,1.389593165141916,1.389593165141916,1.389593165141916,7,0.5384615384615384,0.044756011012988,1.513558502673749,100.0,0.0013289775286692,-0.695771991367648,-0.695771991367648,-0.5405967985843774,0,0.0,0.0134812683814669,-1.0178600303470118,54.28444460660052,0.12,0.5304514569815398,0.5304514569815398,0.5304514569815398,9,0.6,0.0836748566749726,0.7197547461117693,73.52718088916548,0.16,3.5679538707141063,3.5679538707141063,3.5679538707141063,12.0,0.6666666666666666,0.0464987908869141,3.622530837607458,100.0,23.2,2.6630622055889104,-2.6630622055889104,-3.128831299824277,75,0.9259259259259259,14.137204662988072,2.0737566409054646,0.0,0.4595588235294118,1.9036964977452435,1.9036964977452435,1.9036964977452435,25,0.8064516129032258,0.2255497067668102,2.1630143041265923,100.0,0.5365853658536586,0.3778843663538358,-0.3778843663538358,-0.3778843663538358,44,0.88,0.5591408269966816,-0.1811644902726195,37.21633624166001,0.4725274725274725,2.067827291161038,2.067827291161038,2.067827291161038,43.0,0.8775510204081632,0.3191518298783031,2.4102348782057663,100.0,0.0439560439560439,-0.3335798109139236,0.3335798109139236,0.3335798109139236,91,0.9381443298969072,0.0590119322971968,-0.505238930925743,58.75085450801948,0.4285714285714285,-0.1586491562856601,-0.1586491562856601,-0.1586491562856601,91,0.9381443298969072,0.4079140302705498,0.2147674556916468,46.029109738393736,128.9594093382353,-1.04181218366703,-1.04181218366703,-1.9655468816960044,970.0,0.9938524590163934,153.96282930203526,-0.8802613425046094,17.61445817542866,5.05514705882353,0.1973135451346903,0.1973135451346903,-0.0385346039349644,970.0,0.9938524590163934,4.958463865390793,0.093697142720285,100.0,32.9970104,0.0263866298274997,0.0263866298274997,0.0263866298274997,970.0,0.9938524590163934,32.92366844224031,0.1046318556162541,50.07188604863895,39.53996445808655,79.76599216061584,99.62687642908531,93.2686412794155,50.82407359230949,46.164900872498,71.43398927392396,77.459106395508,77.01984669318809,54.5637547823312,0.8703321385902031,0.9139070061014096,0.7715894530398779,0.44333333333333336,0.9938524590163933,0.9099999999999999,0.7,0.64,0.4000000000000001,0.925,82.34832125546565,72.04090412719138,0.792426861994934,0.7142499999999999,0,,0.5675675675675675,0.5384615384615384,0.1538461538461538,0.6379310344827587,0.0625,0.6666666666666666,0.1851851851851851,0.4285714285714285,42,2.4999999999999996,9.926470588235292,1947.603464944853,6.213235294117648,1.298,1.93,-0.6319999999999999,-0.43169613830034637,0.2345679012345679,0.2073170731707317,0.076,0.148,-0.3342804469820348,0.0974156913183116,1.7192649836080278,28.431372549019606,34.31372549019608,36.27450980392157,13.88888888888889,1.0,-0.29800000000000004,2.0700000000000003,-1.4,0.9257,0.2323,0.2289,0.5389,-0.9257,Ergebnis deutlich schlechter als die Leistung,0.079,1:2 11.6% | 1:1 10.4% | 0:2 8.0% | 2:2 7.7% | 1:3 7.3%,0.160;0.160;0.160;0.160;0.080;0.077;0.077;0.077;0.060;0.047;0.047;0.047;0.047;0.023;0.023;0.023;0.020
5717687,2448,Bochum,2493,Eintracht Braunschweig,2BL,2025/26,2BL 2025/26,2026-04-12 11:30:00+00:00,29,True,4,1,3,0,0,47.61666666666667,0,0.3189655172413793,0.0499516198956994,0.0499516198956994,-0.1151622613678331,232,0.9747899159663865,0.3011805218336346,0.4245896958571795,100.0,0.2745098039215686,0.2081885221273799,0.2081885221273799,0.2081885221273799,14,0.7,0.2945069221567272,-0.2693001723936458,57.779929122404695,0.0693069306930693,0.7679193415916765,0.7679193415916765,0.7679193415916765,7,0.5384615384615384,0.0582183678050231,0.4028248017677986,81.04458002434248,0.0428710525520231,2.783738024985704,2.783738024985704,-2.9389132177689747,4,0.4,0.0110685633197002,2.66373501484046,0.0,0.0595238095238095,-0.667837693112673,-0.667837693112673,-0.667837693112673,5,0.45454545454545453,0.0909837063164423,-0.6233536321130775,28.523197101465183,0.0595238095238095,0.3611325400032173,0.3611325400032173,0.3611325400032173,5.0,0.45454545454545453,0.0560937503361761,0.1094745622457698,63.889673274903124,10.8,-0.1743164828838286,0.1743164828838286,-0.2914526113515379,84,0.9333333333333333,11.138933141897173,-0.0775549736803337,74.3139499466141,0.2100105005250262,-0.4029512076810529,-0.4029512076810529,-0.4029512076810529,10,0.625,0.2979166364491326,-0.8125419729575526,38.75270301534605,0.4571428571428571,-0.2601944343991417,0.2601944343991417,0.2601944343991417,48,0.8888888888888888,0.4500606631710595,0.0568838762717738,56.352925039360606,0.3504273504273504,0.1490743012090783,0.1490743012090783,0.1490743012090783,41.0,0.8723404255319149,0.3760764691546975,-0.403065307398909,56.03784480527868,0.0769230769230769,0.7727134953754308,-0.7727134953754308,-0.7727134953754308,117,0.9512195121951219,0.0465372423572412,1.0196745767147208,26.891249414860834,0.4102564102564102,-0.349063739340637,-0.349063739340637,-0.349063739340637,117,0.9512195121951219,0.4675299421935961,-0.5954520774332219,39.94363249151048,187.56213778088903,1.021334237424541,1.021334237424541,-0.0975995393955669,1060.0,0.9943714821763602,166.35532334247398,0.7465994241920625,100.0,6.006300315015751,1.1190905286008794,1.1190905286008794,-0.8832423795312246,1060.0,0.9943714821763602,5.441740520467675,0.5471234220320514,44.02930568471136,32.597921799999995,-0.5429652398091945,-0.5429652398091945,-0.5429652398091945,1060.0,0.9943714821763602,33.33524530629327,-1.0518880189390305,33.261561804710354,52.66840446002389,37.65669994039535,100.0,19.415592678490693,66.69825346191793,56.479206048494234,42.46560249402287,79.53634920014439,32.34450463172892,63.72564744082656,0.8120833333333333,0.9196678775298393,0.7477149321266967,0.4381818181818182,0.9943714821763603,0.9099999999999999,0.7,0.64,0.4000000000000001,0.925,55.12626941393956,54.586297658070876,0.7732894812274582,0.7142499999999999,0,,0.5428571428571428,0.4117647058823529,0.2352941176470588,0.872093023255814,0.0,0.4455445544554455,0.1188118811881188,0.4102564102564102,39,3.633181659082954,12.747637381869094,2130.7074178508924,7.644382219110955,1.663,1.741,-0.07800000000000007,-0.8050027206278082,0.1386138613861386,0.1047619047619047,0.173,0.124,-0.0778220865082481,0.7271806341195601,-0.4986219327853344,19.11764705882353,42.97385620915033,16.666666666666664,30.88235294117647,3.0,1.337,-0.7410000000000001,-0.24,1.8514,0.5438,0.2199,0.2363,1.1486,Ergebnis deutlich besser als die Leistung,0.9083,2:1 10.1% | 2:2 10.0% | 3:1 8.3% | 3:2 8.2% | 1:1 6.4%,0.760;0.275;0.275;0.145;0.145;0.145;0.145;0.110;0.110;0.110;0.100;0.033;0.033;0.033
5717704,2448,Bochum,2478,Dynamo Dresden,2BL,2025/26,2BL 2025/26,2026-04-18 11:00:00+00:00,30,False,0,2,0,0,0,55.8,0,0.2718204488778055,-1.0755651305297151,-1.0755651305297151,-1.2406790117932478,401,0.9852579852579852,0.3061261623452301,-0.8189966943120214,28.13243348755276,0.3018867924528302,0.5768730317846353,0.5768730317846353,0.5768730317846353,16,0.7272727272727273,0.2725054004298234,0.3956777093536177,70.60284612495253,0.1195652173913043,2.593700065460849,2.593700065460849,2.593700065460849,11,0.6470588235294118,0.0606270942098097,2.141101423769358,100.0,0.0010142196929317,-0.7221356971179901,-0.7221356971179901,-0.5669605043347195,0,0.0,0.0115994829726314,-0.8866078448596216,51.264547040696506,0.0588235294117647,-0.6817132043458156,-0.6817132043458156,-0.6817132043458156,6,0.5,0.0836297622798958,-0.4915164044979774,27.927477058826394,0.0392156862745098,-0.2870262179464317,-0.2870262179464317,-0.2870262179464317,4.0,0.4,0.049145888041396,-0.3169346159860619,43.07279087577551,9.6,-0.4489015172521585,0.4489015172521585,-0.016867576983208,102,0.9444444444444444,13.156723595262504,-0.8138525588698362,100.0,0.3584229390681003,0.9688681125236628,0.9688681125236628,0.9688681125236628,20,0.7692307692307693,0.2450523045028704,1.047917737672054,77.34943266525384,0.5925925925925926,0.8277319939152256,-0.8277319939152256,-0.8277319939152256,64,0.9142857142857143,0.523578320486933,0.5543196544853253,25.356393516603596,0.3119266055045872,-0.4559490039711857,-0.4559490039711857,-0.4559490039711857,34.0,0.85,0.3485399497979408,-0.5753635838087553,36.27926233146047,0.0275229357798165,-0.885034884079563,0.885034884079563,0.885034884079563,109,0.9478260869565217,0.0580482588746101,-1.0243554719000645,82.53687388196872,0.5321100917431193,0.917804660948073,0.917804660948073,0.917804660948073,109,0.9478260869565217,0.4255039677811065,1.1083450912352284,80.0512737785796,149.3471486200717,-0.324048822620968,-0.324048822620968,-1.2477835206499424,960.0,0.9937888198757764,156.00328672344395,-0.2343335860155704,42.63758469355939,3.8888888888888897,-0.9329248584311544,-0.9329248584311544,-1.1687730075008091,960.0,0.9937888198757764,5.098925613726839,-1.1726648622007356,31.60736937697689,33.746383200000004,1.095464535673169,1.095464535673169,1.095464535673169,960.0,0.9937888198757764,32.825524061824275,1.3137255035407631,85.21811215968074,75.44566234566148,67.77620150087499,74.44306268457368,32.272857213398005,43.65641116594926,69.67921948781992,63.28814923074869,64.55734786437685,40.229457889319626,49.42214119928585,0.874072039072039,0.9086956521739131,0.7935033964445728,0.315,0.9937888198757765,0.9099999999999999,0.7,0.64,0.4000000000000001,0.925,64.0502567072754,60.30830154107709,0.7710261424730733,0.7142499999999999,0,,0.7,0.7333333333333333,0.2666666666666666,0.7631578947368421,0.0377358490566037,0.8152173913043478,0.0869565217391304,0.5321100917431193,47,2.867383512544803,10.878136200716847,1952.5162052688177,5.537634408602151,0.8734,1.393,-0.5196000000000001,-0.28443772954346075,0.1739130434782608,0.1203703703703703,0.067,0.155,-0.705925811626073,-0.4214880820826123,0.3923748543820781,33.49673202614379,17.320261437908496,58.333333333333336,16.666666666666664,0.0,-0.8734,0.607,0.06999999999999984,0.9218,0.2146,0.278,0.5074,-0.9218,Ergebnis deutlich schlechter als die Leistung,0.1421,0:1 15.4% | 1:1 14.9% | 0:2 11.6% | 1:2 11.3% | 0:0 7.6%,0.112;0.112;0.112;0.112;0.112;0.080;0.050;0.050;0.050;0.050;0.015;0.015;0.010
5717705,2448,Bochum,2469,Greuther Fürth,2BL,2025/26,2BL 2025/26,2026-04-26 11:30:00+00:00,31,True,2,1,3,0,0,47.56666666666667,0,0.3027522935779816,-0.3371144178671629,-0.3371144178671629,-0.5022282991306954,218,0.9732142857142857,0.3060115773697598,-0.0778104397632144,67.72272086256062,0.2592592592592592,0.0028102141951847,0.0028102141951847,0.0028102141951847,14,0.7,0.2935493674953811,-0.4617831404901514,50.63683271407849,0.0686274509803921,0.7432352338918856,0.7432352338918856,0.7432352338918856,7,0.5384615384615384,0.0709454724914099,-0.0842089786653849,80.20027479449602,0.0116210525520231,0.1662787875760568,0.1662787875760568,-0.3214539803593275,1,0.14285714285714285,0.0109226714759786,0.0584954879591891,79.38671473547222,0.0952380952380952,0.0398133797776097,0.0398133797776097,0.0398133797776097,8,0.5714285714285714,0.0998467301608518,-0.0913165525341549,56.990676770394664,0.0833333333333333,1.1210428079441856,1.1210428079441856,1.1210428079441856,7.0,0.5384615384615384,0.0621236023207052,0.6769346798240049,85.97880378885489,14.7,0.7180848788132422,-0.7180848788132422,-1.1838539730486088,84,0.9333333333333333,11.65811812176453,0.6960460333997376,31.247502237763943,0.2102312543798178,-0.4009107156172771,-0.4009107156172771,-0.4009107156172771,10,0.625,0.3106697437766003,-0.9283821598733016,38.82744631438546,0.6111111111111112,0.9764719352863312,-0.9764719352863312,-0.9764719352863312,66,0.9166666666666666,0.4669564812767928,1.157843764256211,21.434960841383305,0.3917525773195876,0.79848317399385,0.79848317399385,0.79848317399385,38.0,0.8636363636363636,0.3667225239532973,0.3933369509315064,77.11023343480596,0.0927835051546391,1.3049508248617157,-1.3049508248617157,-1.3049508248617157,97,0.941747572815534,0.0461305336701409,1.565560058844855,13.276952349165713,0.5463917525773195,1.066285893470068,1.066285893470068,1.066285893470068,97,0.941747572815534,0.5038311097353109,0.4424875215476826,84.73729386700967,130.12192526278906,-1.0008850692997855,-1.0008850692997855,-1.92461976732876,1010.0,0.9940944881889764,156.73184412236768,-0.9368191604662196,19.041285478707298,6.958654519971969,2.0420313696491856,2.0420313696491856,-1.806183220579531,1010.0,0.9940944881889764,5.077933988580642,1.8226346667928317,3.877002498062692,33.6527144,0.9618337920071596,0.9618337920071596,0.9618337920071596,1010.0,0.9940944881889764,33.09773707664056,0.7917474381895635,80.82496521819843,21.396715365701308,63.30197299382863,76.25561742644092,87.98584535577058,16.13608243659534,30.95672024566728,60.248367238775,65.48592619017249,73.85533261637902,29.179706370354467,0.8204166666666666,0.9105030891438657,0.7471634615384615,0.4313186813186813,0.9940944881889764,0.9099999999999999,0.7,0.64,0.4000000000000001,0.925,53.086293941160356,53.27827836212265,0.7720153862952148,0.7142499999999999,0,,0.7291666666666666,0.4117647058823529,0.2352941176470588,0.8395061728395061,0.0185185185185185,0.4607843137254901,0.1372549019607843,0.5463917525773195,38,2.8170988086895585,10.658724597056764,2225.150985914506,7.463209530483532,1.501,1.102,0.3989999999999998,-0.42793709169354976,0.1372549019607843,0.1111111111111111,0.088,0.085,-0.4439706935946214,-0.0160336019010716,-0.9343040052360092,28.594771241830063,28.431372549019606,41.17647058823529,51.470588235294116,2.0,0.4990000000000001,-0.10200000000000009,0.27000000000000046,1.6455,0.4583,0.2707,0.2711,1.3545,Ergebnis deutlich besser als die Leistung,0.663,1:1 14.2% | 2:1 11.1% | 1:0 10.0% | 0:1 8.3% | 1:2 7.8%,0.175;0.175;0.160;0.150;0.110;0.110;0.110;0.110;0.085;0.085;0.080;0.050;0.050;0.010;0.010;0.010;0.010
5717714,2448,Bochum,2459,Arminia Bielefeld,2BL,2025/26,2BL 2025/26,2026-05-02 11:00:00+00:00,32,False,1,1,1,0,0,40.88333333333333,0,0.2964601769911504,-0.4873291245146107,-0.4873291245146107,-0.6524430057781434,226,0.9741379310344828,0.3262509696593843,-0.7112098321285835,54.32265782532173,0.1914893617021276,-0.9098435432421056,-0.9098435432421056,-0.9098435432421056,9,0.6,0.2661499897709831,-1.005450874146977,21.32043537576624,0.088235294117647,1.4555480560857958,1.4555480560857958,1.4555480560857958,9,0.6,0.0469797807864922,1.4987283877306397,100.0,0.0218105262370538,1.0197358122552929,1.0197358122552929,-1.1749110050385634,2,0.25,0.0111352634581764,0.8941460855151311,31.351193294221332,0.0823529411764705,-0.2154960269122188,-0.2154960269122188,-0.2154960269122188,7,0.5384615384615384,0.0783458069259325,0.0793982798450404,47.94367049148983,0.0,-1.5386431298492036,-1.5386431298492036,-1.5386431298492036,0.0,0.0,0.0475278321844767,-1.5169092829782826,0.0,9.8,-0.4031373448574366,0.4031373448574366,-0.0626317493779298,85,0.9340659340659341,13.095779254511566,-0.7541430498920716,100.0,0.3424378312270689,0.8211131130967222,0.8211131130967222,0.8211131130967222,14,0.7,0.2501071087893758,0.8534397125462316,73.5542256523354,0.4074074074074074,-0.659667419795823,0.659667419795823,0.659667419795823,44,0.88,0.5248364999837287,-0.9431854026334604,72.91894417333594,0.3846153846153846,0.6863251383956268,0.6863251383956268,0.6863251383956268,55.0,0.9016393442622951,0.3641997900845737,0.3208226361601727,73.47086567576179,0.0139860139860139,-1.3393009984497002,1.3393009984497002,1.3393009984497002,143,0.959731543624161,0.0603524363785199,-1.5559441694588971,100.0,0.4195804195804196,-0.2521254061490116,-0.2521254061490116,-0.2521254061490116,143,0.959731543624161,0.3964620132562161,0.240353660881083,43.041693635378344,,,,,1001.0,,169.10000986776393,,,,,,,1001.0,,5.756584790218218,,,,,,,1001.0,,33.2905597852184,,,97.77501851298874,81.04192329457018,58.66674335202675,9.372905675296664,,82.61966223031817,72.30085436091822,56.47508262038079,26.185642660287844,,0.8359230769230769,0.9364946638794147,0.7309482758620689,0.26346153846153847,,0.9099999999999999,0.7,0.64,0.4000000000000001,0.925,69.55105030525478,63.83537540308929,0.7001901939663219,0.6770588235294116,1,PHYSIK_FEHLT,0.8387096774193549,0.5294117647058824,0.1764705882352941,0.8295454545454546,0.0212765957446808,0.4313725490196078,0.0490196078431372,0.4195804195804196,48,,,,,0.7516,0.7090000000000001,0.04259999999999997,0.3297211170643033,0.088235294117647,0.1759259259259259,0.125,0.163,-0.7690606289008219,-1.0987817459651252,-0.9382849725813496,52.450980392156865,15.522875816993464,90.84967320261438,36.60130718954248,1.0,0.24839999999999995,0.2909999999999999,0.3500000000000001,0.7122,0.1445,0.2787,0.5768,0.2878,Ergebnis entspricht klar der Leistung,0.7162,0:1 19.6% | 1:1 18.4% | 0:2 13.6% | 1:2 12.7% | 2:1 6.3%,0.235;0.235;0.170;0.050;0.050;0.010
5717723,2448,Bochum,2455,Hannover 96,2BL,2025/26,2BL 2025/26,2026-05-09 11:00:00+00:00,33,True,1,1,1,0,0,53.233333333333334,0,0.296551724137931,-0.4851435757237887,-0.4851435757237887,-0.6502574569873213,290,0.9797297297297297,0.3339255660810514,-0.8922435918501066,54.51762203502932,0.2325581395348837,-0.3567724046761323,-0.3567724046761323,-0.3567724046761323,10,0.625,0.270625625255923,-0.5126528906172285,39.05616968072947,0.024390243902439,-0.8638119869114472,-0.8638119869114472,-0.8638119869114472,2,0.25,0.0561059605732183,-1.152167094132931,20.790157849477723,0.0161684209419452,0.5471604323154565,0.5471604323154565,-0.7023356250987272,1,0.14285714285714285,0.0121708604505737,0.334830452327809,46.11548284495353,0.087719298245614,-0.1091657934624498,-0.1091657934624498,-0.1091657934624498,5,0.45454545454545453,0.0800828821158825,0.1513097058827523,51.96947106631447,0.0701754385964912,0.7010923967136504,0.7010923967136504,0.7010923967136504,4.0,0.4,0.0586613821708853,0.3674852875457219,73.77165271535523,16.8,1.1986086889578194,-1.1986086889578194,-1.664377783193186,57,0.9047619047619048,13.790718112310303,0.6885864754627223,18.126323434187476,0.1127113337507827,-1.302315695799673,-1.302315695799673,-1.302315695799673,6,0.5,0.2599033625092121,-1.360538717732461,5.808948871806849,0.7619047619047619,2.1876400293081844,-2.1876400293081844,-2.1876400293081844,64,0.9142857142857143,0.5377501372978061,1.8004002689934335,0.0,0.1999999999999999,-2.214829382411737,-2.214829382411737,-2.214829382411737,16.999999999999996,0.7391304347826086,0.3281553882477075,-2.0139089965619066,0.0,0.0235294117647058,-1.0190478203010531,1.0190478203010531,1.0190478203010531,85,0.9340659340659341,0.0462508198661855,-0.762475097994783,88.31728003368931,0.4352941176470588,-0.0887558034466565,-0.0887558034466565,-0.0887558034466565,85,0.9340659340659341,0.4654035723253379,-0.3130370475183182,48.262837857249714,147.51806817783347,-0.3884427658481188,-0.3884427658481188,-1.312177463877093,1008.0,0.9940828402366864,159.31193665151966,-0.4152106596217812,40.392641755783956,4.3206011271133375,-0.5145460092969334,-0.5145460092969334,-0.7503941583665882,1008.0,0.9940828402366864,5.114384317163712,-0.7692672760013485,49.808833273880275,33.636448200000004,0.9386279390164138,0.9386279390164138,0.9386279390164138,1008.0,0.9940828402366864,33.09735467884733,0.7690871254586028,80.06206650721329,0.0,35.55150222031082,29.710435140639316,61.256812416360106,49.344064381929066,8.377345307098015,40.97403536728171,38.98787445535889,57.84403817707045,53.605664974975,0.7659523809523809,0.8560917343526039,0.6366554054054053,0.34194805194805195,0.9940828402366864,0.9099999999999999,0.7,0.64,0.4000000000000001,0.925,23.536544853123203,32.70535961275141,0.7075395596148104,0.7142499999999999,0,,0.6296296296296297,0.2222222222222222,0.2222222222222222,0.7454545454545455,0.0,0.4268292682926829,0.1341463414634146,0.4352941176470588,40,3.155917345021916,10.369442705072007,2009.061172598622,5.823418910457107,0.7568,0.5307,0.22610000000000008,0.20343663048899252,0.1219512195121951,0.1428571428571428,0.084,0.059,-1.0459310419692656,-1.249367672458258,-0.4729807542464053,49.01960784313725,8.169934640522875,94.11764705882352,44.11764705882353,1.0,0.24319999999999997,0.46930000000000005,-0.09999999999999998,1.5328,0.3778,0.3993,0.2229,-0.5328,Ergebnis leicht schlechter als die Leistung,0.4225,0:0 25.2% | 1:0 22.8% | 0:1 15.1% | 1:1 13.7% | 2:0 7.8%,0.280;0.120;0.120;0.060;0.060;0.040;0.040;0.020;0.010
5717737,2448,Bochum,2472,Karlsruher SC,2BL,2025/26,2BL 2025/26,2026-05-17 13:30:00+00:00,34,False,2,1,3,0,0,53.666666666666664,0,0.2912280701754386,-0.6122377112555422,-0.6122377112555422,-0.7773515925190748,285,0.979381443298969,0.2826301775195905,0.205261600808147,46.902787533662504,0.2941176470588235,0.47224634661163,0.47224634661163,0.47224634661163,15,0.7142857142857143,0.2741328098970754,0.2691347838037625,66.96391021882408,0.0224719101123595,-0.933501128463442,-0.933501128463442,-0.933501128463442,2,0.25,0.0528858197509761,-1.1048751082403132,17.97897827900597,0.0790624560554913,5.81508277426483,5.81508277426483,-5.970257967048101,7,0.5384615384615384,0.0126986363926136,5.55854696980439,0.0,0.0897435897435897,-0.0690560160516647,-0.0690560160516647,-0.0690560160516647,7,0.5384615384615384,0.092703966874981,-0.0586575934892898,53.321334140489896,0.0769230769230769,0.916451581960079,0.916451581960079,0.916451581960079,6.0,0.5,0.0553496242858376,0.6885433033070051,80.0317301889448,15.8,0.9697878269842114,-0.9697878269842114,-1.435556921219578,78,0.9285714285714286,15.61944574323747,0.0413145806654063,24.374503816842935,0.2049689440993788,-0.4495517795502233,-0.4495517795502233,-0.4495517795502233,11,0.6470588235294118,0.2382779664760316,-0.3078849783885311,37.04572236079768,0.7378640776699029,1.9945462912730192,-1.9945462912730192,-1.9945462912730192,76,0.926829268292683,0.5331392608245153,1.644340891758829,0.0,0.3369565217391304,-0.0626142080084481,-0.0626142080084481,-0.0626142080084481,30.999999999999996,0.8378378378378377,0.3447154818674135,-0.1219288538700522,49.16112504066129,0.0326086956521739,-0.7143691735859822,0.7143691735859822,0.7143691735859822,92,0.9387755102040817,0.0552603169039959,-0.7601332213472685,75.1755164590227,0.4456521739130434,0.0189331396503944,0.0189331396503944,0.0189331396503944,92,0.9387755102040817,0.4342960502419488,0.1180654868457921,51.683176786290296,128.23224698757764,-1.0674123978751444,-1.0674123978751444,-1.9911470959041184,980.0,0.9939148073022313,151.94437102967467,-0.8348004462250352,16.7219670930094,4.192546583850931,-0.6386456008602377,-0.6386456008602377,-0.8744937499298925,980.0,0.9939148073022313,5.002240072557952,-0.7846861866829792,44.40991255851856,32.953079200000005,-0.0362869490604484,-0.0362869490604484,-0.0362869490604484,980.0,0.9939148073022313,33.124602388272194,-0.2447001691574661,48.2148816827869,10.111432220156383,59.58352052290705,39.44399150184648,42.780679356764644,23.07824319726639,21.497079162174217,57.72205798985841,45.247037697072095,46.67357251530215,34.28597665338199,0.8295193687230991,0.8984004412575841,0.667783505154639,0.525,0.9939148073022313,0.9099999999999999,0.7,0.64,0.4000000000000001,0.925,25.87899273121934,34.35123281093269,0.7747038525585541,0.7142499999999999,0,,0.4857142857142857,0.2,0.2,0.7464788732394366,0.0,0.449438202247191,0.2247191011235955,0.4456521739130434,40,2.608695652173913,9.503105590062113,1870.2436085962736,5.161490683229814,1.469,2.346,-0.877,-1.3107036491326975,0.1685393258426966,0.2427184466019417,0.122,0.147,-0.2320353060443092,1.0786683430883883,0.2171468412641084,10.784313725490197,37.745098039215684,10.784313725490197,9.477124183006536,2.0,0.5309999999999999,-1.346,1.08,0.829,0.2078,0.2057,0.5865,2.171,Ergebnis deutlich besser als die Leistung,0.8562,1:2 10.7% | 1:3 8.6% | 2:2 8.3% | 1:1 7.5% | 2:3 6.7%,0.330;0.160;0.160;0.113;0.113;0.113;0.105;0.105;0.090;0.075;0.075;0.030
